id;company;color;wheel_base;length;owner_email;nb_cylinders;horsepower;price
1;Pontiac;;;153.6;msparks0@nsw.gov.au;12.0;162;19534.0
2;MINI;black;117.73;160.0;ikluger1@t-online.de;3.0;76;35105.0
3;Scion;red;117.33;207.7;afinn2@intel.com;5.0;83;42705.0
4;Geo;black;115.9;142.1;mscala3@va.gov;12.0;100;17601.0
5;Lexus;;;166.5;vhinckley4@desdev.cn;6.0;93;39170.0
6;Porsche;yellow;98.16;141.7;rbroadbere5@baidu.com;;239;43800.0
7;Mazda;black;109.49;165.6;bspybey6@github.com;12.0;64;
8;Audi;yellow;106.01;200.2;cdabels7@google.it;4.0;170;44116.0
9;Plymouth;blue;109.02;182.1;zjoselevitz8@foxnews.com;5.0;53;25430.0
10;Maserati;black;93.33;145.9;jbrennan9@yahoo.com;5.0;101;10759.0
11;Honda;yellow;111.59;198.4;wkinworthya@angelfire.com;8.0;113;22929.0
12;Chrysler;black;118.68;140.2;jbaxillb@free.fr;5.0;197;41193.0
13;Acura;black;110.13;191.3;dwearnc@freewebs.com;;90;22614.0
14;Kia;red;114.29;189.6;cgreesond@howstuffworks.com;4.0;67;9551.0
15;Audi;black;93.18;148.9;cmanharee@bluehost.com;12.0;69;17878.0
16;Jaguar;red;103.55;181.4;icornehlf@blogspot.com;5.0;146;21236.0
17;Chevrolet;yellow;100.96;198.2;gbrettelg@mediafire.com;8.0;227;27151.0
18;Aston Martin;black;102.67;175.1;estubbeleyh@wikispaces.com;2.0;220;35597.0
19;Kia;black;109.76;189.4;sfernandezi@delicious.com;4.0;113;40769.0
20;Toyota;red;119.02;168.2;mbusenj@techcrunch.com;4.0;212;23350.0
21;Chevrolet;blue;89.98;140.6;ljurriesk@netlog.com;12.0;68;39647.0
22;Mazda;black;89.75;143.9;msindelll@infoseek.co.jp;2.0;200;34502.0
23;Buick;blue;105.2;196.4;baldwickm@biglobe.ne.jp;8.0;172;19041.0
24;Saab;blue;110.0;207.5;jbenzn@ed.gov;5.0;56;31928.0
25;GMC;yellow;107.57;;nsmorthwaiteo@over-blog.com;3.0;152;40672.0
26;Ford;red;108.58;189.6;nebsworthp@xrea.com;4.0;120;27327.0
27;Volvo;blue;116.34;173.1;lwindmillq@indiatimes.com;3.0;213;39442.0
28;Lincoln;blue;95.75;194.0;jmachenr@independent.co.uk;3.0;133;13280.0
29;Spyker;yellow;115.39;141.5;zevendens@google.cn;;86;25005.0
30;Chrysler;black;93.13;143.5;hpavyert@google.com.hk;6.0;108;39800.0
31;Toyota;red;89.29;176.5;jhaddyu@apple.com;6.0;119;13339.0
32;Kia;yellow;114.66;188.5;mheinickev@tamu.edu;;231;39827.0
33;Chevrolet;yellow;111.52;190.5;ulambornew@dell.com;5.0;126;6599.0
34;Kia;yellow;98.69;151.6;cduthiex@so-net.ne.jp;2.0;146;37768.0
35;Ford;yellow;113.96;148.7;cphilipseny@unblog.fr;;207;41272.0
36;Ford;black;96.5;142.0;ekinnenz@gmpg.org;3.0;60;36111.0
37;BMW;blue;93.72;204.7;egounard10@a8.net;8.0;226;8199.0
38;Volkswagen;red;101.79;164.2;jcollacombe11@purevolume.com;5.0;113;15885.0
39;Maybach;blue;118.37;200.5;agorrissen12@wix.com;8.0;234;5094.0
40;Suzuki;red;107.52;194.3;ejeffels13@drupal.org;2.0;211;8658.0
41;Subaru;yellow;89.94;190.6;cbracher14@google.ru;4.0;120;5586.0
42;Chevrolet;blue;88.84;146.3;rcounter15@walmart.com;2.0;109;28632.0
43;Lincoln;black;113.4;202.5;akinvan16@cmu.edu;12.0;151;23515.0
44;Chrysler;yellow;102.69;206.6;rfritchly17@w3.org;12.0;56;8031.0
45;Buick;yellow;94.35;174.2;plewzey18@mit.edu;6.0;66;14936.0
46;Bentley;red;114.78;200.9;memsley19@usda.gov;3.0;229;36329.0
47;Mazda;red;112.12;156.5;jchatainier1a@weebly.com;5.0;196;34244.0
48;Dodge;black;97.14;156.2;cgillott1b@uol.com.br;2.0;219;15352.0
49;Chevrolet;black;110.25;185.1;spordal1c@shutterfly.com;12.0;59;33330.0
50;Porsche;red;107.25;158.5;fandrich1d@hubpages.com;;80;16685.0
51;Mercedes-Benz;blue;94.09;198.2;esammut1e@pinterest.com;4.0;65;14578.0
52;Porsche;blue;114.74;152.6;sgrabert1f@nba.com;;199;38515.0
53;Volkswagen;black;91.4;176.7;rrenbold1g@themeforest.net;5.0;208;21946.0
54;Volkswagen;black;118.58;164.9;kfarncombe1h@youtu.be;12.0;200;10283.0
55;Toyota;black;113.13;168.3;jspanton1i@google.com.au;6.0;216;37735.0
56;Lexus;blue;107.05;203.9;gcollin1j@cnet.com;12.0;50;17946.0
57;Maserati;red;115.9;174.5;hallden1k@vimeo.com;3.0;230;30761.0
58;Mercedes-Benz;red;96.23;163.1;ftrazzi1l@ox.ac.uk;6.0;214;11607.0
59;Toyota;black;96.99;173.6;bantonelli1m@cbc.ca;5.0;213;29106.0
60;BMW;black;90.62;151.0;tmcpake1n@usnews.com;5.0;110;14320.0
61;MINI;blue;96.71;207.1;aspray1o@tumblr.com;8.0;157;42123.0
62;GMC;black;96.08;177.6;jsonghurst1p@arstechnica.com;12.0;218;34208.0
63;Lamborghini;black;106.8;206.5;clarge1q@people.com.cn;;144;25237.0
64;GMC;black;115.03;193.3;maudas1r@stanford.edu;;164;7467.0
65;GMC;black;114.1;155.4;abompass1s@pbs.org;5.0;171;33942.0
66;Mitsubishi;blue;108.14;146.3;edorwood1t@unicef.org;5.0;165;23598.0
67;Volkswagen;black;101.79;140.8;hbroadway1u@blogspot.com;2.0;162;16903.0
68;Ford;black;95.98;;mferrelli1v@pbs.org;3.0;51;40955.0
69;Mitsubishi;blue;95.84;176.1;mupfold1w@whitehouse.gov;8.0;187;19559.0
70;Audi;red;111.2;157.2;dcarah1x@rediff.com;;242;16864.0
71;Pontiac;red;110.48;190.2;gsuche1y@google.nl;;76;17634.0
72;Ford;yellow;108.63;173.2;edriffe1z@army.mil;12.0;156;36132.0
73;Rolls-Royce;yellow;107.84;150.9;mbricklebank20@php.net;;187;10933.0
74;Ford;red;96.64;164.2;amccoole21@biblegateway.com;2.0;141;28257.0
75;Buick;blue;115.93;187.2;nrabat22@ycombinator.com;2.0;109;38390.0
76;Saturn;yellow;112.4;179.6;mgresch23@ustream.tv;12.0;75;22234.0
77;GMC;red;94.3;146.1;mpancast24@virginia.edu;6.0;68;11582.0
78;Mercury;red;111.34;161.9;tcodron25@so-net.ne.jp;8.0;140;29407.0
79;Dodge;red;96.76;184.7;dmattiacci26@sun.com;12.0;239;40332.0
80;Volvo;yellow;116.17;148.6;efouracres27@blogspot.com;5.0;75;35218.0
81;GMC;blue;91.7;198.2;lwadeson28@bloglines.com;;141;37996.0
82;Cadillac;black;92.0;154.1;fcrinkley29@newyorker.com;6.0;213;34021.0
83;Nissan;blue;107.36;203.2;dcotterell2a@discuz.net;12.0;99;6032.0
84;Plymouth;red;117.72;205.1;cdomoni2b@rediff.com;8.0;206;7929.0
85;Scion;;;194.7;abaly2c@joomla.org;6.0;58;18733.0
86;Chevrolet;red;100.28;141.5;atasch2d@ehow.com;;126;27763.0
87;Nissan;blue;88.14;148.1;lgliddon2e@clickbank.net;8.0;144;14288.0
88;Cadillac;yellow;115.86;207.2;aolenane2f@51.la;12.0;208;33068.0
89;BMW;yellow;115.28;150.2;shuddlestone2g@newyorker.com;;108;17672.0
90;Volvo;red;112.58;199.0;zarter2h@businesswire.com;8.0;173;36458.0
91;Infiniti;black;111.85;142.5;sbossons2i@blogspot.com;5.0;87;43116.0
92;Toyota;yellow;113.75;164.2;dgabitis2j@posterous.com;12.0;188;44528.0
93;Mercury;red;114.05;179.4;nramsey2k@google.nl;2.0;81;6568.0
94;Toyota;blue;92.45;154.6;crubega2l@dell.com;8.0;141;5435.0
95;Pontiac;red;100.15;181.2;fclynter2m@tuttocitta.it;;184;22604.0
96;Dodge;blue;93.04;174.9;tjevons2n@hugedomains.com;4.0;79;15638.0
97;Nissan;blue;117.49;159.5;ylangeley2o@epa.gov;4.0;221;27696.0
98;Buick;;;162.2;kboome2p@ftc.gov;4.0;51;18878.0
99;BMW;black;93.14;183.2;btatersale2q@patch.com;4.0;140;36436.0
100;BMW;red;92.44;204.6;galentyev2r@delicious.com;4.0;229;10629.0
101;Pontiac;blue;109.94;149.1;cstroder2s@ameblo.jp;;226;12198.0
102;Mazda;yellow;109.12;206.4;hjoinsey2t@sina.com.cn;8.0;235;43108.0
103;Infiniti;yellow;106.69;161.1;aseabon2u@abc.net.au;6.0;142;29270.0
104;Honda;black;107.17;143.3;schallens2v@google.it;;109;25394.0
105;Mitsubishi;yellow;92.14;201.9;kbenneton2w@deviantart.com;2.0;231;17725.0
106;Ford;red;107.16;178.7;ugillott2x@cornell.edu;8.0;74;
107;Audi;black;101.73;152.0;cpundy2y@list-manage.com;2.0;221;30656.0
108;Mercedes-Benz;blue;98.05;152.7;mattwell2z@adobe.com;8.0;52;19505.0
109;Chevrolet;yellow;100.56;149.9;tchainey30@ftc.gov;2.0;84;27744.0
110;Maserati;black;114.01;175.2;gmoules31@diigo.com;6.0;72;11906.0
111;Maserati;yellow;90.51;193.8;dworshall32@google.ru;5.0;123;23049.0
112;Hummer;red;108.11;148.2;ailden33@over-blog.com;5.0;138;20456.0
113;Volkswagen;yellow;98.75;159.3;sriddall34@guardian.co.uk;6.0;191;34493.0
114;Chevrolet;black;101.77;191.8;awaywell35@blinklist.com;6.0;179;32492.0
115;Dodge;red;113.24;194.9;mbricham36@flavors.me;8.0;72;5972.0
116;Dodge;red;110.79;175.0;sniblett37@marriott.com;12.0;196;15394.0
117;Chevrolet;black;100.03;170.7;ltwinberrow38@fotki.com;6.0;61;22777.0
118;Mazda;blue;91.15;166.0;nbiggins39@eepurl.com;12.0;211;40105.0
119;Nissan;;;161.7;msparrowhawk3a@netscape.com;8.0;50;16758.0
120;Ford;red;117.82;207.5;lburnell3b@pcworld.com;3.0;229;34803.0
121;Suzuki;yellow;114.62;205.6;cstroyan3c@bluehost.com;2.0;145;32689.0
122;Dodge;;;166.8;fgroneway3d@reference.com;6.0;68;43090.0
123;Saturn;black;106.08;166.6;colfert3e@google.com.au;6.0;154;34838.0
124;Dodge;blue;117.72;159.6;dfrancillo3f@earthlink.net;;235;8184.0
125;Plymouth;black;88.83;194.2;nsertin3g@dedecms.com;3.0;191;40671.0
126;Nissan;yellow;99.26;152.2;rtoffanelli3h@aboutads.info;12.0;185;8328.0
127;Jaguar;red;107.87;196.2;jalf3i@pbs.org;2.0;104;21408.0
128;Audi;red;104.3;157.7;evandendael3j@wp.com;;89;13910.0
129;Lamborghini;black;99.87;145.1;ikinglesyd3k@scribd.com;6.0;146;15618.0
130;Honda;blue;90.16;196.3;czammitt3l@facebook.com;6.0;229;31640.0
131;Chevrolet;red;119.66;165.9;jdusting3m@archive.org;2.0;175;9436.0
132;Mitsubishi;;;182.7;dswidenbank3n@wp.com;3.0;87;11272.0
133;Ford;red;119.7;205.8;ghuxham3o@weebly.com;4.0;154;37264.0
134;Dodge;red;99.25;185.9;livashchenko3p@google.ca;6.0;156;9386.0
135;Volkswagen;yellow;119.65;165.1;cdenes3q@gravatar.com;12.0;159;
136;Geo;blue;115.67;142.2;khearst3r@tamu.edu;2.0;76;32638.0
137;Suzuki;blue;113.13;173.0;joduane3s@123-reg.co.uk;8.0;204;42316.0
138;Suzuki;yellow;92.87;142.3;blitton3t@quantcast.com;2.0;179;10714.0
139;Land Rover;blue;92.43;198.1;mbullon3u@google.es;2.0;182;7546.0
140;Lexus;;;189.5;gemblem3v@issuu.com;6.0;210;18177.0
141;Dodge;red;107.2;176.5;dvescovo3w@chronoengine.com;3.0;117;29805.0
142;Jeep;black;113.19;;kchippendale3x@tamu.edu;12.0;115;38943.0
143;Nissan;yellow;114.51;189.0;fnorthall3y@exblog.jp;12.0;241;22746.0
144;Toyota;;;162.1;rcaulket3z@elegantthemes.com;4.0;177;25267.0
145;Dodge;blue;93.1;170.8;rianson40@typepad.com;;241;39702.0
146;Audi;yellow;113.41;153.3;shaigh41@home.pl;;218;12013.0
147;Hyundai;red;112.28;182.2;bgarms42@jalbum.net;4.0;242;37923.0
148;Mercury;black;116.87;153.0;asautter43@apple.com;2.0;92;25335.0
149;Ford;black;89.3;164.8;borpwood44@seattletimes.com;12.0;208;41225.0
150;Mitsubishi;blue;117.7;205.3;eputnam45@blogger.com;6.0;232;19248.0
151;Mitsubishi;red;91.56;148.7;ccastilla46@gov.uk;2.0;218;35077.0
152;Ford;black;110.45;140.1;kbreacher47@alibaba.com;4.0;152;5450.0
153;Alfa Romeo;red;112.44;140.9;szoppie48@netlog.com;8.0;202;34275.0
154;Buick;red;89.43;184.2;vrosendorf49@berkeley.edu;5.0;153;14314.0
155;Nissan;blue;100.38;144.8;ltabner4a@census.gov;12.0;107;38233.0
156;Dodge;yellow;94.88;167.8;bpauling4b@chron.com;4.0;102;43751.0
157;Chevrolet;black;104.11;153.0;owroath4c@blog.com;;57;6892.0
158;Pontiac;black;109.77;151.4;mreditt4d@patch.com;5.0;89;5964.0
159;Pontiac;blue;107.31;196.4;gmitchel4e@si.edu;6.0;126;16045.0
160;Chevrolet;black;89.53;150.5;mbanting4f@yolasite.com;3.0;68;
161;Pontiac;red;89.19;177.2;emounsie4g@webeden.co.uk;2.0;88;15051.0
162;Buick;black;92.89;178.4;jstanbro4h@behance.net;2.0;79;27170.0
163;BMW;black;95.26;203.9;pjirsa4i@hostgator.com;4.0;160;37436.0
164;Nissan;black;113.02;175.5;jskones4j@mtv.com;2.0;74;14890.0
165;Nissan;red;100.71;198.9;bocriane4k@tmall.com;2.0;182;39360.0
166;Saturn;blue;92.35;140.9;eboulton4l@cloudflare.com;8.0;59;25360.0
167;Chevrolet;blue;110.86;165.2;otwizell4m@diigo.com;3.0;142;38403.0
168;Plymouth;red;119.13;207.0;vdixcee4n@so-net.ne.jp;3.0;79;9415.0
169;Mercedes-Benz;red;92.1;197.8;dmoggle4o@home.pl;4.0;188;33728.0
170;MINI;black;94.2;201.0;jorht4p@google.com.br;;181;32986.0
171;Pontiac;yellow;118.22;194.5;jsplevins4q@google.co.jp;3.0;62;28032.0
172;Jeep;black;109.65;185.7;gwisbey4r@icio.us;12.0;204;39062.0
173;Buick;black;89.74;199.1;galleburton4s@posterous.com;2.0;140;25936.0
174;Plymouth;yellow;98.13;203.2;mmachans4t@fda.gov;;86;32565.0
175;Mercury;yellow;116.79;143.2;jkhristyukhin4u@chron.com;2.0;187;6210.0
176;Chevrolet;yellow;109.23;173.1;apales4v@yale.edu;5.0;112;14271.0
177;Chevrolet;yellow;102.12;170.6;cdaw4w@soundcloud.com;;122;22488.0
178;Dodge;red;115.82;174.6;lbew4x@patch.com;4.0;157;29503.0
179;Lincoln;red;96.99;148.0;gletteresse4y@skyrock.com;12.0;235;22513.0
180;Cadillac;yellow;113.91;141.8;eblockwell4z@clickbank.net;8.0;135;21316.0
181;Chrysler;;;168.1;jdelgua50@vistaprint.com;5.0;195;43617.0
182;Kia;black;106.13;142.3;achurchyard51@photobucket.com;3.0;198;39714.0
183;Mercury;red;99.19;168.8;llempel52@hhs.gov;12.0;168;38701.0
184;Chevrolet;yellow;95.39;181.5;sjanko53@unicef.org;6.0;122;35810.0
185;Jeep;yellow;111.65;177.6;fkittow54@wired.com;2.0;240;16763.0
186;Mercedes-Benz;black;105.01;187.6;gburstowe55@hubpages.com;8.0;233;14687.0
187;Maybach;yellow;89.45;146.5;lshowte56@who.int;12.0;216;23495.0
188;Mitsubishi;red;93.85;151.5;pgarm57@shareasale.com;2.0;112;21051.0
189;Pontiac;blue;100.11;158.1;nclash58@ox.ac.uk;12.0;173;36346.0
190;Spyker;red;92.18;158.5;jallchorne59@upenn.edu;8.0;162;15188.0
191;Ford;yellow;93.28;173.5;kswinfon5a@behance.net;5.0;125;13980.0
192;Audi;black;103.59;169.6;csexton5b@yellowbook.com;3.0;153;7378.0
193;Isuzu;blue;95.89;199.5;ichidzoy5c@mapy.cz;;183;7006.0
194;Ford;yellow;94.32;172.0;afolk5d@t-online.de;6.0;94;15863.0
195;Chevrolet;yellow;96.1;160.0;fgierth5e@vimeo.com;8.0;91;36830.0
196;Ford;yellow;92.22;153.1;mrookesby5f@huffingtonpost.com;2.0;163;43843.0
197;Lincoln;yellow;98.4;194.4;rnowell5g@forbes.com;6.0;161;24087.0
198;Ford;black;92.25;192.1;gnazaret5h@blogger.com;2.0;90;22900.0
199;Buick;yellow;104.11;180.7;gvarran5i@w3.org;;137;13593.0
200;Chrysler;blue;100.92;203.6;hpinch5j@wikimedia.org;6.0;157;8855.0
201;Mitsubishi;black;114.29;180.7;lbassano5k@dion.ne.jp;12.0;201;13735.0
202;Chrysler;red;104.07;143.2;smanzell5l@soup.io;3.0;68;41766.0
203;Chevrolet;blue;102.71;185.8;bcregan5m@accuweather.com;8.0;228;14647.0
204;Saab;red;92.14;182.1;ocourtes5n@va.gov;;150;18838.0
205;Mitsubishi;red;93.6;151.7;fcunnane5o@infoseek.co.jp;8.0;133;34802.0
206;Porsche;yellow;102.66;206.1;aclorley5p@wordpress.org;6.0;149;15766.0
207;Ford;blue;98.01;204.6;vgregore5q@yandex.ru;12.0;178;27363.0
208;Nissan;red;108.13;180.8;ebonfield5r@wordpress.org;12.0;173;36891.0
209;Cadillac;black;90.23;202.4;bmeredith5s@hhs.gov;8.0;171;28356.0
210;Kia;blue;115.21;;bnannoni5t@multiply.com;12.0;110;20357.0
211;Nissan;blue;113.08;200.8;jkubicka5u@marriott.com;;49;12450.0
212;Volvo;blue;113.27;157.4;jvosse5v@cafepress.com;3.0;231;14714.0
213;Volkswagen;yellow;108.93;189.1;sivantsov5w@lycos.com;;125;20517.0
214;Plymouth;black;116.07;159.3;gubsdell5x@youku.com;;131;10600.0
215;Cadillac;black;106.89;140.1;hgoodread5y@amazon.com;8.0;196;5429.0
216;Dodge;yellow;101.91;163.9;gsoule5z@etsy.com;;113;9763.0
217;Nissan;blue;91.41;176.8;mflemming60@accuweather.com;5.0;93;8710.0
218;Bentley;black;115.75;203.7;hbegwell61@indiegogo.com;8.0;201;29783.0
219;Audi;red;93.36;172.0;ashellard62@alibaba.com;2.0;105;8139.0
220;Mitsubishi;red;116.98;159.5;epaine63@merriam-webster.com;12.0;177;41242.0
221;Nissan;black;95.46;170.3;afoyston64@vkontakte.ru;;228;40666.0
222;Jeep;red;117.44;157.0;afrow65@webmd.com;3.0;150;9038.0
223;Ford;red;111.35;205.2;nsurphliss66@cyberchimps.com;12.0;191;8463.0
224;Toyota;red;104.35;142.8;mdando67@time.com;2.0;164;20065.0
225;Pontiac;blue;109.44;149.5;amarkos68@domainmarket.com;2.0;236;20490.0
226;Porsche;red;100.56;176.4;gattac69@storify.com;2.0;178;29001.0
227;Saab;blue;95.13;195.9;stingly6a@1688.com;2.0;87;24631.0
228;Porsche;red;90.45;166.9;msalvidge6b@home.pl;4.0;116;5828.0
229;Audi;black;119.29;190.4;tpaxman6c@ask.com;2.0;218;41987.0
230;Mitsubishi;red;116.12;205.4;cingyon6d@dell.com;4.0;223;11350.0
231;Jeep;yellow;100.48;193.3;rsilvester6e@meetup.com;5.0;168;37627.0
232;Ford;red;97.57;201.1;candrejs6f@netlog.com;5.0;98;17945.0
233;Toyota;red;94.83;173.2;gbourgaize6g@gnu.org;4.0;221;9548.0
234;Chevrolet;black;97.93;150.9;aluchelli6h@google.ca;8.0;208;6284.0
235;Chevrolet;blue;91.12;149.2;iwohler6i@wix.com;;129;17811.0
236;Volvo;;;156.2;bmacmillan6j@icio.us;2.0;188;7533.0
237;GMC;blue;91.54;177.9;dgoolden6k@multiply.com;4.0;129;36985.0
238;Toyota;blue;106.93;144.9;brawdall6l@desdev.cn;6.0;63;36751.0
239;Dodge;red;98.69;202.1;rpulley6m@cargocollective.com;8.0;228;16574.0
240;Mercury;yellow;107.11;203.2;meastcourt6n@umn.edu;6.0;74;39862.0
241;Mitsubishi;blue;91.16;;bsunderland6o@360.cn;2.0;188;
242;Mazda;red;113.29;199.4;dtoal6p@chron.com;4.0;67;44742.0
243;Buick;red;115.33;180.6;pbestwick6q@altervista.org;5.0;219;37945.0
244;Ford;blue;95.92;153.3;gbackson6r@sfgate.com;2.0;137;39309.0
245;Jaguar;yellow;111.93;192.1;byglesia6s@irs.gov;5.0;233;14368.0
246;GMC;black;101.47;158.9;lformilli6t@ftc.gov;12.0;84;18773.0
247;Jeep;yellow;103.71;174.6;brembrandt6u@craigslist.org;6.0;188;28204.0
248;Mitsubishi;yellow;106.51;161.2;mcoye6v@bbc.co.uk;2.0;179;42393.0
249;Saab;black;111.51;166.0;scoat6w@chron.com;2.0;208;27056.0
250;Chevrolet;black;116.79;195.6;bcowdrey6x@tinypic.com;8.0;91;42335.0
251;CitroÃ«n;yellow;118.31;201.4;jthulborn6y@feedburner.com;4.0;182;27959.0
252;Porsche;blue;119.68;184.1;lkaplan6z@mapy.cz;8.0;152;23570.0
253;Volkswagen;blue;100.47;189.9;ckobpa70@macromedia.com;5.0;97;37053.0
254;BMW;blue;91.1;201.6;afosh71@soup.io;;77;25378.0
255;Saab;red;97.21;175.3;jpryell72@infoseek.co.jp;4.0;169;37257.0
256;Nissan;black;119.92;164.6;ciannelli73@go.com;6.0;52;33298.0
257;Land Rover;blue;96.29;193.8;rrennison74@seattletimes.com;6.0;60;43294.0
258;GMC;yellow;89.27;170.7;spfeifer75@nhs.uk;;237;11260.0
259;Mercury;;;151.4;awaltho76@usda.gov;5.0;236;31783.0
260;Pontiac;red;96.33;166.2;broby77@nbcnews.com;8.0;237;27078.0
261;Land Rover;;;193.8;dohingerty78@gizmodo.com;3.0;58;24016.0
262;Mitsubishi;black;119.44;172.5;wmacdunleavy79@yellowbook.com;3.0;71;31476.0
263;Mercury;red;99.4;168.1;afidilis7a@netscape.com;5.0;232;5042.0
264;Nissan;blue;92.66;195.3;ldudley7b@delicious.com;12.0;107;
265;Mazda;;;204.2;efantini7c@infoseek.co.jp;3.0;179;42649.0
266;GMC;yellow;105.99;165.4;ncowsby7d@purevolume.com;;233;20564.0
267;Subaru;black;104.71;142.1;svankeev7e@joomla.org;2.0;64;29810.0
268;Honda;;;152.9;jtruwert7f@icq.com;6.0;117;8196.0
269;Chevrolet;black;102.23;172.6;ilearned7g@comcast.net;5.0;104;27427.0
270;Lexus;blue;115.69;147.9;catherton7h@xinhuanet.com;5.0;173;10442.0
271;Chevrolet;black;108.68;197.5;nvandecappelle7i@ucoz.ru;4.0;77;41565.0
272;Volvo;yellow;116.42;191.1;cwortley7j@angelfire.com;5.0;195;
273;Dodge;yellow;105.49;156.0;lruppertz7k@myspace.com;;190;34987.0
274;Kia;;;146.5;eclift7l@vk.com;6.0;227;16371.0
275;Panoz;blue;104.02;206.6;mrizzardo7m@businessweek.com;;81;21491.0
276;Lexus;red;99.78;204.5;lswenson7n@timesonline.co.uk;2.0;125;15596.0
277;BMW;yellow;104.93;154.5;llackie7o@accuweather.com;6.0;141;22468.0
278;Dodge;yellow;102.61;200.6;pgrent7p@time.com;4.0;53;22498.0
279;Porsche;yellow;112.6;157.2;cleverage7q@ucsd.edu;2.0;155;26391.0
280;Chevrolet;yellow;98.73;151.7;kbritten7r@ox.ac.uk;6.0;64;36790.0
281;Chevrolet;black;100.57;159.9;ksenechault7s@hubpages.com;4.0;188;16240.0
282;Hyundai;red;100.57;197.4;wdudney7t@wired.com;6.0;122;
283;BMW;red;105.37;179.4;hquogan7u@msu.edu;2.0;60;27570.0
284;Ford;red;111.23;151.9;lthrussell7v@youku.com;6.0;69;28193.0
285;Kia;blue;93.7;145.6;fmitchely7w@about.com;8.0;205;21149.0
286;Mercedes-Benz;blue;94.47;194.1;mplampeyn7x@ifeng.com;6.0;212;35026.0
287;Mazda;red;109.22;207.4;wbrotherhood7y@dailymail.co.uk;8.0;215;16763.0
288;Buick;red;108.59;198.5;eeadmeads7z@ibm.com;5.0;50;8794.0
289;Mercedes-Benz;yellow;95.12;173.5;dwoodburne80@ft.com;2.0;208;35021.0
290;Ford;blue;116.81;206.9;vionesco81@bloomberg.com;3.0;224;43765.0
291;Subaru;yellow;91.71;;bescalante82@nifty.com;8.0;182;10007.0
292;Saab;yellow;109.93;159.3;ppegler83@acquirethisname.com;8.0;139;32986.0
293;Bentley;blue;89.59;180.0;bsabathe84@meetup.com;5.0;108;6028.0
294;Lexus;red;91.0;178.7;dtosh85@virginia.edu;12.0;224;44864.0
295;Buick;red;108.24;187.0;kjouen86@sourceforge.net;12.0;115;31472.0
296;Honda;red;96.21;144.1;snealon87@nationalgeographic.com;;228;18056.0
297;GMC;yellow;106.96;165.6;ccowling88@behance.net;4.0;52;20153.0
298;Suzuki;red;119.35;174.2;cmccritichie89@mtv.com;3.0;101;27728.0
299;Oldsmobile;;;155.1;dfrancescone8a@sitemeter.com;6.0;84;25651.0
300;Chevrolet;blue;91.01;172.2;jhoneywood8b@fema.gov;5.0;211;44085.0
301;GMC;;;189.6;kholdall8c@list-manage.com;;165;37249.0
302;Toyota;yellow;115.13;179.3;ktregenza8d@disqus.com;3.0;177;42276.0
303;Dodge;red;99.09;182.3;mgrimditch8e@ox.ac.uk;2.0;86;43276.0
304;Mazda;blue;111.53;198.3;vgiacopazzi8f@nsw.gov.au;6.0;242;44319.0
305;Mitsubishi;;;194.1;gpoundford8g@constantcontact.com;8.0;135;35729.0
306;GMC;;;198.7;dlyven8h@webs.com;4.0;167;32612.0
307;Acura;black;105.75;157.3;tlelande8i@omniture.com;3.0;94;42018.0
308;Daewoo;yellow;99.16;;hphuprate8j@archive.org;2.0;191;19302.0
309;Subaru;yellow;109.47;204.5;lfrancesch8k@etsy.com;4.0;144;21561.0
310;Lexus;red;88.68;188.1;aspini8l@cornell.edu;3.0;77;12888.0
311;Land Rover;;;165.4;smurrock8m@cmu.edu;12.0;222;12740.0
312;Ford;yellow;94.42;144.2;crustman8n@marriott.com;2.0;213;22522.0
313;Lexus;yellow;89.62;180.0;zalthrop8o@ca.gov;5.0;141;
314;Dodge;yellow;119.07;169.7;ytupie8p@homestead.com;3.0;117;6596.0
315;Toyota;yellow;117.42;141.5;lmcgunley8q@imageshack.us;3.0;174;7143.0
316;Mitsubishi;yellow;99.95;144.4;mkoenen8r@washingtonpost.com;12.0;125;9006.0
317;Buick;blue;109.86;167.7;reede8s@twitter.com;5.0;88;18894.0
318;Mercury;red;100.05;144.2;eroyden8t@ask.com;12.0;156;7345.0
319;Hyundai;blue;118.67;190.1;cscarsbrick8u@mac.com;;150;17857.0
320;Kia;blue;96.97;149.3;cbatecok8v@sun.com;;64;12824.0
321;Nissan;red;101.93;163.7;eealden8w@shutterfly.com;5.0;242;15689.0
322;Buick;red;101.36;181.9;ereglar8x@free.fr;;140;23811.0
323;Aston Martin;red;110.32;201.1;gyedall8y@fc2.com;;145;41822.0
324;Ford;black;112.92;165.5;hnaptine8z@scientificamerican.com;6.0;231;9750.0
325;Toyota;black;96.91;188.4;broust90@technorati.com;5.0;61;
326;Pontiac;yellow;94.97;168.2;wwardroper91@opera.com;;128;25130.0
327;Ford;black;116.53;201.0;mlunny92@army.mil;;68;16291.0
328;Volkswagen;red;108.53;205.3;kmorillas93@bloglines.com;12.0;179;15804.0
329;Maybach;yellow;103.72;159.6;jphetteplace94@miitbeian.gov.cn;2.0;56;19945.0
330;BMW;red;109.38;188.6;hcamlin95@ftc.gov;6.0;171;31090.0
331;Ford;red;93.81;188.5;galdhouse96@lycos.com;2.0;114;23595.0
332;GMC;red;104.66;194.0;dmoro97@nsw.gov.au;5.0;72;30101.0
333;Ford;yellow;90.28;160.5;rellins98@constantcontact.com;;102;14666.0
334;Volvo;blue;89.56;175.9;jpaur99@smugmug.com;3.0;239;44863.0
335;Volvo;;;164.0;mmcguinley9a@springer.com;2.0;200;23578.0
336;Ford;red;113.88;204.3;jhawkeridge9b@ox.ac.uk;6.0;118;
337;Ford;black;100.69;186.1;ndunstan9c@tripadvisor.com;5.0;106;24280.0
338;Cadillac;blue;112.81;187.2;olantry9d@yellowbook.com;8.0;141;35418.0
339;GMC;;;197.1;dchingedehals9e@topsy.com;2.0;169;9717.0
340;Mitsubishi;red;94.07;177.5;gdarley9f@sina.com.cn;12.0;63;13314.0
341;Suzuki;black;92.73;207.8;ahassen9g@umich.edu;2.0;49;32637.0
342;BMW;black;89.48;158.0;ngloves9h@globo.com;4.0;138;9767.0
343;Mercedes-Benz;red;102.59;201.9;tcalven9i@ebay.com;5.0;218;
344;Saab;blue;111.04;203.2;scoldridge9j@tuttocitta.it;2.0;113;24136.0
345;Mitsubishi;red;91.74;187.6;ttittletross9k@google.com.hk;2.0;238;19475.0
346;Acura;;;164.8;wleates9l@google.com.br;4.0;73;12182.0
347;Cadillac;black;111.64;182.5;jcharge9m@google.ca;6.0;220;21412.0
348;Honda;black;102.41;176.0;bozintsev9n@themeforest.net;3.0;61;36970.0
349;Honda;red;92.89;177.2;dkulver9o@ameblo.jp;6.0;147;43190.0
350;Honda;black;95.55;177.2;fpalfrey9p@techcrunch.com;8.0;118;35192.0
351;Ford;red;112.33;205.4;tjedrys9q@netlog.com;6.0;239;26618.0
352;Mercedes-Benz;blue;112.51;170.9;dchidgey9r@oaic.gov.au;2.0;187;5611.0
353;Suzuki;red;104.16;168.6;dplant9s@scientificamerican.com;3.0;232;39535.0
354;Mazda;black;101.92;155.0;nsoar9t@un.org;12.0;64;40558.0
355;Porsche;red;104.26;181.0;hlaister9u@timesonline.co.uk;4.0;173;39781.0
356;Toyota;red;112.34;191.5;fshade9v@pbs.org;;136;37574.0
357;Ford;;;154.1;sjacomb9w@noaa.gov;8.0;136;
358;Volkswagen;red;107.27;;bmoxom9x@alibaba.com;2.0;132;36408.0
359;Suzuki;blue;88.24;144.2;mmugridge9y@google.de;2.0;56;
360;Volkswagen;;;159.6;gmagill9z@examiner.com;;52;26150.0
361;Toyota;blue;100.18;179.6;ctellenbroka0@marketwatch.com;3.0;135;15723.0
362;Toyota;black;115.67;149.5;dnelliesa1@tripod.com;4.0;131;18289.0
363;Chevrolet;black;113.94;148.1;jlushera2@ft.com;12.0;158;8818.0
364;Volvo;red;110.64;201.0;lmannocka3@dailymotion.com;3.0;89;15618.0
365;Pontiac;blue;107.61;173.0;obealea4@twitpic.com;6.0;63;33227.0
366;Hyundai;;;202.5;gmermana5@ifeng.com;12.0;127;10432.0
367;Mercury;blue;88.25;205.7;cjohnseya6@msn.com;4.0;140;37495.0
368;Chevrolet;red;114.47;164.7;sgouldsmitha7@nydailynews.com;12.0;229;35759.0
369;Suzuki;yellow;98.99;178.9;hlauchlana8@archive.org;6.0;79;35562.0
370;Ford;yellow;109.21;153.8;aemblena9@canalblog.com;6.0;87;25669.0
371;Chrysler;red;93.63;163.9;twentaa@nih.gov;12.0;219;13656.0
372;Chevrolet;red;101.55;197.9;dpeppardab@arstechnica.com;8.0;146;43250.0
373;Jeep;blue;99.63;176.0;ewestermanac@shop-pro.jp;8.0;99;31644.0
374;Ford;yellow;108.38;150.5;ofrendad@house.gov;5.0;112;44060.0
375;GMC;red;101.74;204.3;mjosowitzae@people.com.cn;4.0;122;39419.0
376;Ford;yellow;92.53;185.3;bgreschikaf@twitter.com;5.0;173;22643.0
377;BMW;black;102.09;178.7;lbirtwhistleag@miitbeian.gov.cn;;168;25485.0
378;Scion;black;92.35;173.0;jrucklesseah@sogou.com;;85;20355.0
379;Pontiac;red;97.38;142.3;gglantzai@sakura.ne.jp;5.0;161;33730.0
380;Jaguar;black;113.94;171.1;mbrunneraj@t-online.de;;70;32103.0
381;Nissan;black;117.98;174.4;jrevelleak@e-recht24.de;;216;12837.0
382;Buick;red;100.99;157.5;wmoxsonal@tinypic.com;5.0;56;29375.0
383;GMC;black;115.07;182.5;tjohlam@va.gov;4.0;152;32317.0
384;Toyota;blue;112.37;171.4;gdrinkeldan@columbia.edu;2.0;98;34184.0
385;Hyundai;yellow;105.67;179.9;ssemeniukao@amazon.de;12.0;167;14559.0
386;Pontiac;yellow;95.52;190.2;ikeymarap@ocn.ne.jp;3.0;222;
387;Eagle;red;119.71;160.5;adepietriaq@is.gd;12.0;132;35972.0
388;Chevrolet;blue;101.34;177.8;zsthillar@cnet.com;;124;22717.0
389;Toyota;blue;107.19;193.8;fbrookhouseas@twitpic.com;8.0;163;10813.0
390;Mitsubishi;yellow;117.7;153.0;dbrodneckeat@fotki.com;6.0;167;8341.0
391;Dodge;;;193.3;siczokvitzau@bbb.org;6.0;167;29749.0
392;Subaru;red;90.37;173.4;fjacoxav@g.co;6.0;49;12905.0
393;Volkswagen;red;98.25;177.0;gjervoiseaw@marketwatch.com;;66;39399.0
394;Hummer;red;96.82;179.3;ehurlingax@lycos.com;4.0;162;5675.0
395;Nissan;red;92.95;187.5;dstokeyay@jalbum.net;3.0;227;5317.0
396;Volkswagen;yellow;115.51;;agarmeyaz@hao123.com;3.0;98;31454.0
397;Chevrolet;black;89.9;201.9;bcaldesb0@cam.ac.uk;2.0;193;5991.0
398;Chrysler;blue;117.87;150.3;gboheyb1@zimbio.com;8.0;213;40875.0
399;Bentley;black;101.68;172.5;rhughillb2@tiny.cc;6.0;78;
400;GMC;;;141.2;ejaneczekb3@statcounter.com;2.0;53;14337.0
401;Ford;yellow;93.64;165.6;rtenwickb4@joomla.org;3.0;98;37928.0
402;Mazda;red;92.82;203.5;dfredeb5@wsj.com;3.0;153;6707.0
403;Mazda;red;116.12;181.1;pedneyb6@ucla.edu;12.0;92;40382.0
404;Dodge;yellow;103.45;173.3;golifardb7@google.co.uk;8.0;49;15140.0
405;Chevrolet;black;111.02;159.0;ddeenerb8@smh.com.au;12.0;132;27917.0
406;Chevrolet;red;94.8;141.3;tolivob9@amazon.com;2.0;148;7771.0
407;Chevrolet;black;90.36;170.6;drodbourneba@free.fr;;66;15712.0
408;Pontiac;blue;112.52;201.5;nphoenixbb@washington.edu;4.0;103;14888.0
409;Lincoln;black;100.31;174.3;gollisbc@topsy.com;;72;21067.0
410;Chevrolet;yellow;98.91;141.6;ascandritebd@cocolog-nifty.com;8.0;141;37951.0
411;Mazda;black;92.52;140.3;gklossekbe@opera.com;6.0;209;40788.0
412;Infiniti;yellow;106.01;170.1;kgrimwadbf@statcounter.com;;88;13327.0
413;Spyker;yellow;114.4;145.3;ndumbarbg@bloomberg.com;2.0;117;13769.0
414;Ford;yellow;97.61;204.7;ptoupebh@webmd.com;2.0;205;42086.0
415;Plymouth;black;109.35;179.3;dparkhousebi@youtube.com;6.0;195;42713.0
416;Toyota;yellow;88.74;195.1;ehawkyensbj@washington.edu;4.0;223;15141.0
417;Volkswagen;blue;110.73;143.3;mjimenobk@over-blog.com;12.0;75;25913.0
418;Ford;blue;99.23;172.1;acleavelandbl@techcrunch.com;8.0;181;17223.0
419;Infiniti;yellow;106.33;177.8;tcritchardbm@weather.com;2.0;237;12466.0
420;Mitsubishi;red;116.57;169.5;mgrewarbn@youtube.com;8.0;100;23869.0
421;Lamborghini;red;110.24;144.3;fbentkebo@rediff.com;4.0;216;15521.0
422;GMC;black;112.17;182.9;mbarnbrookbp@cornell.edu;8.0;90;39519.0
423;Acura;yellow;90.52;156.0;btruinbq@typepad.com;4.0;88;
424;Dodge;red;118.89;153.1;lpickardbr@google.es;8.0;112;8842.0
425;Pontiac;blue;104.63;141.7;mvonhelmholtzbs@digg.com;3.0;189;14164.0
426;Maserati;red;115.04;171.9;acalderobt@geocities.com;4.0;114;13129.0
427;Jeep;;;206.4;conelebu@shutterfly.com;5.0;210;42049.0
428;Subaru;red;111.93;204.8;dthoresbybv@shinystat.com;12.0;114;42509.0
429;Toyota;red;92.99;197.0;owyldborebw@elpais.com;4.0;91;10848.0
430;Toyota;red;99.71;202.7;cstlegerbx@businesswire.com;2.0;92;39333.0
431;Suzuki;;;153.8;aschuelckeby@npr.org;6.0;115;40539.0
432;Chevrolet;yellow;112.2;165.3;pthoresbybz@paginegialle.it;4.0;196;37809.0
433;Scion;blue;98.8;152.7;hdenyc0@si.edu;12.0;110;17989.0
434;Mitsubishi;red;91.09;150.4;ydishmanc1@list-manage.com;3.0;150;34575.0
435;Pontiac;blue;110.17;155.8;tisaacc2@tamu.edu;12.0;144;38559.0
436;Nissan;blue;119.29;144.8;ldeignanc3@arstechnica.com;12.0;74;36192.0
437;Nissan;black;92.18;201.5;gbarreauc4@t-online.de;4.0;160;7103.0
438;Lamborghini;red;119.23;141.2;ybovingdonc5@state.gov;8.0;120;41608.0
439;Oldsmobile;yellow;112.23;160.8;dnorridgec6@ustream.tv;6.0;89;33075.0
440;Chevrolet;yellow;95.8;206.3;jyeudec7@cocolog-nifty.com;3.0;76;17925.0
441;Suzuki;blue;95.2;190.8;pkopmannc8@sina.com.cn;5.0;56;35319.0
442;Mitsubishi;black;91.42;184.9;pshepperdc9@nymag.com;4.0;168;35345.0
443;Saturn;black;98.79;143.9;lsymcoxca@qq.com;12.0;86;17621.0
444;Dodge;;;173.7;ckitcatcb@comcast.net;12.0;84;36304.0
445;Ford;yellow;97.63;146.3;cschafercc@vistaprint.com;;164;7316.0
446;Buick;red;95.31;146.2;wgardenercd@sfgate.com;;173;28253.0
447;Toyota;black;117.66;149.5;fsievewrightce@thetimes.co.uk;;93;14536.0
448;GMC;red;93.87;200.6;wiviecf@fda.gov;6.0;89;27141.0
449;Chevrolet;black;105.5;193.4;ddikescg@webnode.com;6.0;162;6014.0
450;Porsche;;;164.5;kdaviech@google.es;8.0;64;7154.0
451;Volvo;red;111.34;168.2;mnewportci@paginegialle.it;4.0;141;29585.0
452;Mitsubishi;black;108.72;206.8;byitzhokcj@tripod.com;3.0;93;32122.0
453;Mitsubishi;blue;100.94;145.8;klightowlersck@paginegialle.it;2.0;223;33422.0
454;Ford;blue;95.34;145.3;bjancikcl@loc.gov;4.0;201;
455;Mitsubishi;yellow;112.41;170.0;agouldsmithcm@live.com;3.0;167;30554.0
456;BMW;blue;98.57;188.7;gsatecn@a8.net;8.0;174;44422.0
457;Chrysler;blue;91.9;141.8;obesnardeauco@merriam-webster.com;5.0;90;44244.0
458;Volkswagen;red;104.57;192.4;kmumbraycp@angelfire.com;6.0;121;27894.0
459;GMC;yellow;102.91;175.8;iklavescq@jugem.jp;6.0;101;38667.0
460;Chevrolet;red;114.93;;ekentcr@cnn.com;12.0;178;22031.0
461;Mazda;black;108.12;201.8;smackilpatrickcs@mit.edu;4.0;62;
462;Ford;blue;108.37;201.1;hstoakct@is.gd;8.0;142;35983.0
463;Cadillac;blue;111.9;190.7;jbloxamcu@google.it;6.0;194;8785.0
464;Volkswagen;red;100.47;199.3;gcornbillcv@arstechnica.com;8.0;241;16324.0
465;Nissan;black;90.15;147.9;mcamockcw@washington.edu;2.0;173;8898.0
466;Ford;black;113.04;155.8;jcossonscx@sakura.ne.jp;5.0;213;21633.0
467;Hyundai;blue;93.53;188.2;pkornelcy@qq.com;4.0;61;7586.0
468;Bentley;yellow;98.56;157.9;bsimoncinicz@cargocollective.com;6.0;82;7243.0
469;Mitsubishi;blue;111.85;198.3;gbennoughd0@clickbank.net;2.0;207;15288.0
470;Rolls-Royce;red;93.99;205.5;ghulkd1@loc.gov;2.0;86;21783.0
471;GMC;blue;102.99;145.4;lvellenderd2@nba.com;3.0;127;21093.0
472;Acura;red;102.99;202.6;lfollacarod3@jugem.jp;6.0;137;19470.0
473;Ford;red;101.74;157.9;tcolsond4@mysql.com;;132;40550.0
474;Kia;red;116.13;161.7;mgillinghamd5@ezinearticles.com;4.0;115;42785.0
475;Cadillac;blue;93.98;176.4;cminchintond6@storify.com;3.0;218;38802.0
476;Suzuki;;;158.2;cfilippyevd7@addthis.com;6.0;151;14048.0
477;Chevrolet;red;103.53;157.7;ffronksd8@auda.org.au;5.0;145;23607.0
478;Jeep;blue;112.17;196.9;mheinekend9@example.com;8.0;177;27000.0
479;Chrysler;blue;102.51;173.1;amolinesda@eventbrite.com;12.0;124;9575.0
480;Mercury;red;110.56;148.6;alemerydb@bigcartel.com;4.0;207;36036.0
481;Mercury;red;104.85;156.0;dcastelaindc@unc.edu;;55;44216.0
482;Toyota;blue;101.67;204.9;kdodgedd@booking.com;5.0;82;9820.0
483;Tesla;yellow;110.26;181.1;gjellybrandde@toplist.cz;6.0;113;38628.0
484;Mercedes-Benz;yellow;98.92;204.1;dcailloudf@usda.gov;4.0;162;26323.0
485;Mazda;red;99.52;188.2;nlabbatidg@live.com;12.0;133;16980.0
486;Pontiac;blue;114.95;176.6;qchottydh@amazon.co.jp;3.0;177;20002.0
487;GMC;black;107.21;153.5;ifieldendi@usnews.com;5.0;130;22641.0
488;Ford;blue;114.33;151.6;dmacnabdj@bigcartel.com;4.0;128;41643.0
489;Infiniti;black;100.71;177.8;rmcillrickdk@ebay.com;8.0;209;9152.0
490;Ford;black;118.49;175.2;troebuckdl@unicef.org;6.0;150;10650.0
491;Oldsmobile;black;94.03;154.3;tgoldspinkdm@sciencedaily.com;2.0;133;8742.0
492;Volkswagen;red;110.15;174.9;mkeepencedn@cocolog-nifty.com;;204;38818.0
493;Mazda;black;112.2;184.7;fmorfelldo@berkeley.edu;8.0;93;35413.0
494;GMC;red;91.57;174.9;dsimedp@yolasite.com;6.0;74;26750.0
495;Jaguar;blue;111.24;171.2;smayzedq@issuu.com;3.0;69;37084.0
496;Ford;black;103.38;150.2;dkeenlysidedr@joomla.org;2.0;118;9831.0
497;Hyundai;blue;109.36;177.9;msutliffds@japanpost.jp;;242;41136.0
498;BMW;blue;88.86;143.8;vbunworthdt@freewebs.com;6.0;107;26301.0
499;Saturn;yellow;88.77;147.6;smaclleesedu@tmall.com;4.0;148;34479.0
500;Toyota;blue;100.08;169.1;acarrattdv@deliciousdays.com;5.0;74;41723.0
501;Audi;yellow;99.93;150.4;droseamandw@purevolume.com;8.0;59;24018.0
502;Lexus;blue;111.48;151.3;smatteinidx@51.la;8.0;120;42937.0
503;Land Rover;red;113.58;;gfaradydy@1688.com;2.0;164;5003.0
504;Maybach;yellow;97.83;144.7;eselleydz@google.pl;3.0;80;36174.0
505;Honda;;;204.7;atothere0@about.me;12.0;58;
506;Mitsubishi;yellow;116.51;162.9;yhagertye1@wix.com;3.0;227;14039.0
507;Panoz;blue;94.06;162.6;fgooke2@bloomberg.com;2.0;160;37071.0
508;Dodge;blue;106.73;184.4;ttakose3@princeton.edu;6.0;176;
509;BMW;black;102.54;169.9;asainsburybrowne4@tamu.edu;6.0;176;22402.0
510;Lincoln;yellow;90.02;146.6;hdobiee5@bing.com;12.0;118;14582.0
511;Lincoln;blue;92.1;153.4;tgribbene6@google.com.br;;236;44429.0
512;Volvo;;;194.2;jmoone7@163.com;3.0;87;40279.0
513;Infiniti;red;96.78;158.6;ocaprone8@census.gov;12.0;219;9101.0
514;Honda;yellow;113.18;161.1;aogarmene9@ustream.tv;5.0;188;24596.0
515;Toyota;black;91.27;;vkasherea@naver.com;8.0;58;38829.0
516;Aston Martin;yellow;114.76;171.5;bgimbereb@umn.edu;8.0;61;15388.0
517;Honda;red;104.82;182.6;nboveyec@arizona.edu;5.0;90;33047.0
518;Dodge;black;108.12;181.8;gsotherned@pcworld.com;3.0;63;16664.0
519;Buick;red;96.29;172.5;jkohlermanee@businessinsider.com;4.0;163;13636.0
520;Lincoln;blue;98.77;149.9;cyellowleeef@woothemes.com;8.0;184;5007.0
521;Mazda;red;91.93;207.6;qsamueleg@example.com;8.0;60;31692.0
522;Chevrolet;blue;101.68;199.0;priglesfordeh@shop-pro.jp;5.0;192;17687.0
523;Cadillac;red;91.98;195.8;mmataninei@bluehost.com;8.0;113;37528.0
524;Lincoln;black;98.31;152.7;jcurnnokkej@studiopress.com;12.0;60;12056.0
525;Mercedes-Benz;red;105.57;191.5;aweagenerek@freewebs.com;12.0;128;44736.0
526;Lincoln;blue;114.52;179.4;lninottiel@google.com;12.0;126;35052.0
527;Buick;yellow;107.5;151.3;jmccoughanem@cam.ac.uk;5.0;153;17003.0
528;Plymouth;blue;107.86;197.3;groscoeen@i2i.jp;5.0;108;15132.0
529;Ford;black;106.68;206.8;nclemmenseneo@joomla.org;8.0;154;34658.0
530;Cadillac;red;119.34;191.6;jbeanyep@yahoo.com;4.0;58;41440.0
531;Ford;yellow;102.12;198.8;npachereq@unblog.fr;4.0;162;7312.0
532;Scion;blue;89.64;145.0;bmahooder@pcworld.com;;59;27906.0
533;Mazda;;;185.5;kwinstones@aol.com;6.0;217;7848.0
534;Scion;red;115.59;174.1;wwiltonet@ycombinator.com;3.0;157;17882.0
535;Mercury;red;118.39;159.9;kmoodeyeu@macromedia.com;8.0;50;18855.0
536;Dodge;yellow;112.57;156.3;kmussottiev@bloglines.com;6.0;60;13842.0
537;Dodge;yellow;114.53;207.4;wdeguiseew@cnet.com;8.0;85;41117.0
538;Mazda;red;103.87;203.6;fbartosinskiex@geocities.jp;3.0;181;28744.0
539;Ford;yellow;113.58;191.9;kfalley@oaic.gov.au;6.0;106;26225.0
540;Toyota;blue;95.2;146.5;ltibbsez@opensource.org;4.0;178;35049.0
541;Ford;black;114.03;205.9;stomainof0@eepurl.com;3.0;112;36857.0
542;Pontiac;red;96.28;204.7;kcomfortf1@google.de;5.0;138;15517.0
543;Volvo;red;100.72;180.8;gmorstonf2@squidoo.com;;208;5193.0
544;Mercedes-Benz;yellow;97.98;159.9;taverallf3@ustream.tv;5.0;136;8865.0
545;Toyota;;;187.4;lcameranaf4@dmoz.org;4.0;113;7467.0
546;Dodge;blue;114.19;151.1;hfutcherf5@pagesperso-orange.fr;2.0;134;27286.0
547;Chrysler;red;104.69;186.7;lmathersonf6@adobe.com;6.0;188;32536.0
548;Buick;black;93.85;205.9;bgocherf7@blogs.com;12.0;132;17187.0
549;MINI;black;105.83;183.1;dchittockf8@amazon.co.jp;5.0;70;6327.0
550;Ford;red;92.1;145.3;nbranchf9@independent.co.uk;6.0;64;23054.0
551;Jeep;red;110.99;147.7;plintillfa@ning.com;2.0;106;
552;Acura;;;165.9;dbaylessfb@mozilla.com;2.0;164;34861.0
553;BMW;yellow;98.19;191.4;hkollatschfc@shareasale.com;4.0;149;5567.0
554;Mazda;black;106.11;194.7;afribergfd@bandcamp.com;3.0;184;17779.0
555;Daewoo;yellow;92.11;197.9;jdugganfe@ebay.co.uk;12.0;159;31341.0
556;Mercedes-Benz;red;102.31;173.7;ccayleyff@linkedin.com;2.0;205;12778.0
557;Chevrolet;;;164.6;aisakssonfg@taobao.com;3.0;157;43103.0
558;Dodge;yellow;112.1;143.0;ssydenhamfh@adobe.com;;103;5089.0
559;Acura;yellow;97.44;149.3;eboggonfi@discuz.net;5.0;141;6488.0
560;Isuzu;;;182.3;lchasneyfj@fda.gov;5.0;219;36105.0
561;GMC;yellow;104.25;159.7;dgonnellyfk@weather.com;5.0;224;19050.0
562;GMC;blue;112.9;204.9;mpikettfl@ox.ac.uk;8.0;95;18754.0
563;Acura;black;92.53;140.2;asottellfm@xing.com;3.0;65;30831.0
564;GMC;;;191.3;jbertolinfn@ovh.net;;204;40571.0
565;Geo;red;114.88;147.9;sguittefo@nps.gov;;167;7669.0
566;Ford;blue;97.03;146.1;drowntreefp@flickr.com;4.0;207;41435.0
567;Mazda;yellow;94.33;205.8;emartinekfq@fotki.com;3.0;131;22664.0
568;Mazda;red;108.83;152.0;wfairfoulfr@goo.gl;4.0;181;21623.0
569;Volkswagen;red;109.09;;gcraydonfs@hubpages.com;12.0;142;8450.0
570;Isuzu;black;115.13;174.5;tcongraveft@exblog.jp;8.0;156;20052.0
571;Mercedes-Benz;;;169.0;bsymsfu@cbc.ca;4.0;120;33536.0
572;Chevrolet;yellow;117.35;207.8;lphettefv@google.de;5.0;198;12339.0
573;BMW;red;105.32;157.1;dtetsallfw@cloudflare.com;;209;23030.0
574;Ford;yellow;102.55;171.5;mhansfordfx@wisc.edu;12.0;123;34124.0
575;Audi;blue;94.33;171.5;cgladwishfy@amazon.de;12.0;223;8257.0
576;Nissan;blue;105.56;160.5;mcasselyfz@yandex.ru;4.0;83;20830.0
577;Toyota;yellow;98.93;158.1;lhixsong0@quantcast.com;5.0;77;10680.0
578;Lincoln;;;;djudrong1@multiply.com;3.0;148;18690.0
579;Pontiac;blue;111.68;152.0;risenorg2@pagesperso-orange.fr;12.0;180;13410.0
580;Dodge;blue;92.38;200.2;hmongaing3@rambler.ru;5.0;182;8886.0
581;BMW;black;103.4;199.1;rwoolertong4@opera.com;12.0;115;24301.0
582;Chevrolet;yellow;95.07;155.1;asauntong5@marriott.com;12.0;228;11420.0
583;Hyundai;red;97.93;189.5;amendesg6@spotify.com;5.0;125;23951.0
584;Toyota;black;101.43;169.7;hmonikerg7@vinaora.com;12.0;241;30977.0
585;Mercedes-Benz;blue;95.54;157.2;ybowcockg8@fotki.com;4.0;164;14576.0
586;Ford;black;117.3;155.0;cfreeburyg9@godaddy.com;6.0;195;28745.0
587;Toyota;black;111.14;144.7;hdensellga@slate.com;2.0;146;21394.0
588;Corbin;yellow;95.88;207.8;ccallwaygb@phoca.cz;5.0;136;7767.0
589;Infiniti;yellow;94.53;184.1;lfarrongc@blogger.com;6.0;54;32301.0
590;BMW;blue;110.14;189.6;lskippinggd@amazon.com;2.0;56;10023.0
591;Dodge;black;101.23;173.0;ekristiansenge@simplemachines.org;12.0;97;
592;Chrysler;yellow;112.53;205.1;chosbygf@odnoklassniki.ru;5.0;173;44210.0
593;GMC;red;95.04;178.1;bavisgg@accuweather.com;8.0;64;23297.0
594;Toyota;red;108.73;155.4;hcleverlygh@yelp.com;4.0;107;
595;Subaru;black;100.01;147.1;lsandongi@youku.com;12.0;103;18210.0
596;Nissan;yellow;96.74;205.0;htrawingj@nba.com;6.0;164;26430.0
597;Cadillac;black;115.27;190.7;jklawigk@shinystat.com;3.0;106;41486.0
598;Daihatsu;yellow;104.85;142.6;ibraniffgl@bandcamp.com;12.0;125;37106.0
599;Toyota;yellow;100.89;199.3;mbranthwaitegm@mozilla.com;5.0;108;15804.0
600;Jeep;red;118.3;199.5;bpursegn@bbb.org;6.0;213;44363.0
601;Lexus;blue;106.3;197.7;omurielgo@washingtonpost.com;5.0;115;5697.0
602;Jeep;yellow;112.01;185.8;waronovgp@mtv.com;12.0;66;23198.0
603;Saturn;red;113.05;176.0;rfetteplacegq@nba.com;4.0;180;40589.0
604;Lamborghini;yellow;116.85;153.7;zgliddergr@businessinsider.com;6.0;61;29562.0
605;GMC;black;97.69;149.8;ecasillisgs@linkedin.com;3.0;190;13046.0
606;Lotus;red;106.83;207.7;afryattgt@tinyurl.com;6.0;221;27550.0
607;Mitsubishi;black;118.49;163.6;hgravestonegu@cdc.gov;5.0;204;31237.0
608;Audi;blue;105.57;200.5;spackingtongv@earthlink.net;4.0;192;40600.0
609;Porsche;black;105.83;172.3;ritzaksongw@msn.com;2.0;203;36293.0
610;Ford;yellow;111.08;193.5;gbruhnkegx@newsvine.com;6.0;63;30161.0
611;Dodge;blue;112.57;164.7;ltatlockgy@pbs.org;12.0;170;12714.0
612;Lexus;yellow;104.05;204.9;cgymblettgz@ning.com;2.0;51;20982.0
613;Chevrolet;;;167.1;soverallh0@scientificamerican.com;6.0;53;11527.0
614;Ford;black;113.19;184.2;mjayh1@lycos.com;5.0;58;12339.0
615;Mitsubishi;black;117.26;195.1;jpetegreh2@pen.io;5.0;218;30242.0
616;Toyota;yellow;107.47;164.8;cdingleyh3@trellian.com;4.0;83;29310.0
617;Buick;blue;90.95;204.0;mfanth4@imdb.com;;124;44669.0
618;Chevrolet;blue;96.15;199.6;lgeroldoh5@cafepress.com;6.0;162;41876.0
619;Toyota;yellow;117.4;177.4;ccettellh6@amazon.co.jp;3.0;60;19006.0
620;Daewoo;red;119.25;179.2;bgoodbournh7@xing.com;12.0;124;32643.0
621;Mitsubishi;black;91.59;169.3;sfitzerh8@skype.com;8.0;106;6526.0
622;Mitsubishi;black;106.84;168.2;tmargachh9@fotki.com;3.0;210;
623;Toyota;yellow;103.06;187.6;jbernardinelliha@de.vu;;76;36462.0
624;Infiniti;red;105.88;204.7;lribeirohb@dion.ne.jp;3.0;220;10335.0
625;Toyota;black;108.39;193.1;eleesehc@prnewswire.com;6.0;67;29379.0
626;Mazda;yellow;107.84;182.1;pstrelitzkihd@miitbeian.gov.cn;5.0;69;14859.0
627;Mercedes-Benz;yellow;105.36;174.9;bbartkowiakhe@webeden.co.uk;12.0;85;18380.0
628;GMC;red;103.7;179.7;dsayehf@zimbio.com;2.0;200;23982.0
629;Honda;blue;104.81;141.5;jsobeyhg@imageshack.us;12.0;76;6066.0
630;Mercedes-Benz;yellow;115.02;183.9;tsoothh@e-recht24.de;;66;11496.0
631;Pontiac;yellow;103.29;204.4;rhryskiewiczhi@networksolutions.com;12.0;127;5532.0
632;Plymouth;;;140.7;lpeckhamhj@unblog.fr;12.0;72;33901.0
633;Pontiac;;;142.1;glissandrihk@vinaora.com;3.0;192;42807.0
634;Eagle;yellow;104.89;173.1;udahlhl@cafepress.com;12.0;145;25779.0
635;Mercedes-Benz;black;91.75;204.3;bdungayhm@rediff.com;6.0;226;12654.0
636;Mitsubishi;;;174.4;bspareyhn@adobe.com;6.0;206;39622.0
637;Acura;black;94.47;160.3;adawsonho@japanpost.jp;2.0;167;23914.0
638;Ford;red;88.19;164.8;cdunicanhp@multiply.com;12.0;240;15424.0
639;Nissan;black;113.06;194.4;lsayerhq@nationalgeographic.com;6.0;197;24119.0
640;Volkswagen;red;95.8;147.3;bdillintonehr@virginia.edu;6.0;177;18156.0
641;Ford;blue;95.78;191.1;speegremhs@youku.com;4.0;219;11827.0
642;Porsche;blue;103.9;201.4;gbuxcyht@posterous.com;4.0;165;35909.0
643;Volkswagen;black;115.18;156.4;osimmshu@washington.edu;;143;20209.0
644;Dodge;black;89.51;207.9;cohalloranhv@umn.edu;6.0;188;29244.0
645;Volkswagen;black;90.66;143.1;nportugalhw@chronoengine.com;2.0;236;44596.0
646;GMC;red;113.0;188.5;hiberthx@ucoz.com;;140;23725.0
647;Toyota;red;107.27;179.5;wleggshy@bbb.org;;160;27409.0
648;Chevrolet;black;119.31;158.4;hglendzerhz@nytimes.com;4.0;242;37201.0
649;Oldsmobile;black;111.56;191.9;rportwainei0@biglobe.ne.jp;12.0;176;32548.0
650;Infiniti;blue;97.96;190.5;tkrugmanni1@java.com;4.0;202;38568.0
651;Dodge;blue;98.23;143.8;gwilcotti2@mayoclinic.com;3.0;236;19199.0
652;Porsche;red;105.48;198.6;vcannani3@elegantthemes.com;8.0;212;43859.0
653;Subaru;blue;91.33;171.0;ahalheadi4@google.com.au;;105;9846.0
654;Kia;yellow;89.1;184.9;edabrowskii5@miitbeian.gov.cn;3.0;207;18745.0
655;Mercedes-Benz;red;101.34;184.4;middoni6@elpais.com;;113;12699.0
656;GMC;red;112.6;156.9;cgillbanksi7@who.int;5.0;223;41141.0
657;Buick;blue;95.8;203.1;tbillingi8@blogger.com;8.0;53;14657.0
658;Audi;red;118.94;178.0;selkini9@pagesperso-orange.fr;5.0;156;
659;Infiniti;blue;106.93;165.8;ccatlowia@boston.com;4.0;159;37838.0
660;Pontiac;black;97.61;146.6;lbellhouseib@ed.gov;2.0;229;30401.0
661;Chevrolet;red;98.73;185.3;nflaonieric@1und1.de;8.0;61;18980.0
662;Chevrolet;black;118.42;206.9;mdelavaletteparisotid@cornell.edu;3.0;125;9888.0
663;Lexus;yellow;119.15;207.4;fstiffie@epa.gov;6.0;157;7859.0
664;Audi;red;102.48;206.7;pleonardif@fda.gov;4.0;106;14928.0
665;Volkswagen;blue;117.94;185.4;ecopinig@feedburner.com;6.0;189;5835.0
666;Toyota;yellow;101.56;164.0;fjeevesih@symantec.com;8.0;133;39985.0
667;Chevrolet;blue;96.94;176.3;ktesimonii@macromedia.com;8.0;106;42076.0
668;Chevrolet;black;97.07;182.8;prowantreeij@dailymail.co.uk;8.0;114;39448.0
669;Chevrolet;black;106.47;170.1;mdrysdallik@unicef.org;8.0;157;7749.0
670;Ford;red;88.43;194.9;pnehlil@ebay.com;;95;13864.0
671;Mazda;red;95.97;167.7;jwisdishim@webs.com;3.0;209;25193.0
672;Subaru;blue;100.9;167.2;cjaggliin@theatlantic.com;12.0;134;29214.0
673;Spyker;black;114.15;176.5;rlosebieio@ezinearticles.com;3.0;134;23419.0
674;Isuzu;red;98.8;180.9;abickleip@cam.ac.uk;2.0;60;8980.0
675;Suzuki;black;97.3;179.6;pvandersoniq@de.vu;8.0;199;23008.0
676;Mitsubishi;black;119.8;168.8;vplumbleyir@alibaba.com;2.0;202;
677;BMW;blue;110.58;202.9;rokenfoldis@blogs.com;6.0;68;43144.0
678;Volkswagen;black;95.02;204.7;rberrit@digg.com;5.0;238;16330.0
679;Isuzu;blue;94.01;142.5;fcheleyiu@accuweather.com;;156;16816.0
680;Ford;yellow;105.24;179.2;alethbrigiv@yandex.ru;3.0;146;38399.0
681;Land Rover;black;99.53;142.2;rleyreiw@shop-pro.jp;12.0;79;37524.0
682;Mercury;black;101.38;167.1;blydsterix@privacy.gov.au;;88;25920.0
683;Toyota;yellow;114.7;174.5;lhambriciy@ehow.com;4.0;105;43534.0
684;Mitsubishi;black;117.98;197.9;jmatskevichiz@globo.com;4.0;225;35503.0
685;Saturn;red;90.79;185.7;dellicej0@booking.com;6.0;148;43323.0
686;Lexus;red;93.3;170.5;ccatonnetj1@wunderground.com;3.0;191;32688.0
687;Kia;yellow;115.91;179.6;lbassanoj2@sina.com.cn;12.0;74;27826.0
688;Volvo;yellow;95.16;153.3;ybrumheadj3@wikimedia.org;5.0;76;33737.0
689;Mitsubishi;black;98.38;170.2;umacvicarj4@addthis.com;4.0;93;13077.0
690;Ford;red;109.44;189.2;aszimonj5@nytimes.com;5.0;158;15040.0
691;Volkswagen;red;116.25;188.6;oarentj6@jimdo.com;;112;7423.0
692;Saab;black;109.53;148.1;tkenealyj7@imageshack.us;12.0;168;39446.0
693;Mercury;black;119.44;172.0;frilingsj8@hubpages.com;;193;29520.0
694;Kia;;;200.7;rwetheraldj9@hibu.com;;148;28906.0
695;Maserati;blue;105.91;156.1;kdorrityja@engadget.com;6.0;57;27401.0
696;Pontiac;red;94.35;157.5;sgunjb@washington.edu;3.0;193;44509.0
697;BMW;blue;97.45;159.5;gdaingerfieldjc@umn.edu;5.0;193;
698;Mercedes-Benz;red;110.77;163.9;rellarjd@goo.ne.jp;5.0;88;13230.0
699;Mitsubishi;black;106.7;155.8;mtaigje@marketwatch.com;5.0;235;24687.0
700;Cadillac;yellow;94.73;190.8;fhorseyjf@sakura.ne.jp;5.0;144;21859.0
701;Toyota;red;100.25;183.6;etisselljg@seesaa.net;3.0;103;25444.0
702;Dodge;;;171.2;jthirskjh@gnu.org;6.0;141;31493.0
703;Ford;yellow;95.23;159.3;ctwiddyji@purevolume.com;4.0;74;41122.0
704;Saab;blue;108.54;200.4;ldurdyjj@merriam-webster.com;3.0;163;27645.0
705;Nissan;red;99.24;159.7;mrotherforthjk@harvard.edu;8.0;65;17017.0
706;Lotus;blue;105.66;172.9;jachesonjl@state.tx.us;;211;40389.0
707;Dodge;black;94.87;171.1;yaggetjm@unesco.org;6.0;210;13050.0
708;Mitsubishi;black;88.01;155.3;myakebovichjn@biblegateway.com;6.0;56;28072.0
709;Ford;red;103.77;179.5;abraniganjo@timesonline.co.uk;6.0;189;
710;Mercury;black;118.23;154.0;ccheyennejp@edublogs.org;6.0;242;7237.0
711;Volkswagen;black;92.3;192.5;hpattlejq@google.es;;131;13080.0
712;Chevrolet;black;88.16;171.3;msindelljr@marketwatch.com;3.0;83;14966.0
713;Chrysler;black;97.27;183.2;lmershjs@salon.com;12.0;57;40824.0
714;Mercedes-Benz;black;106.73;197.4;lborthejt@google.co.jp;12.0;234;44114.0
715;Maserati;blue;97.78;147.5;mstanderingju@chron.com;5.0;104;24312.0
716;Volvo;red;109.01;175.0;gredfernjv@apple.com;;181;16866.0
717;Kia;yellow;97.44;160.0;treditjw@vimeo.com;8.0;103;26396.0
718;Volkswagen;red;105.32;193.2;rricardetjx@360.cn;5.0;240;12079.0
719;Lexus;black;103.98;165.3;vcollimorejy@etsy.com;2.0;80;39417.0
720;Pontiac;black;116.0;140.5;smcgannonjz@google.de;12.0;229;7843.0
721;GMC;black;106.63;189.6;zpeterk0@goodreads.com;2.0;161;29176.0
722;Chevrolet;red;109.27;203.2;kmcgeek1@netscape.com;;104;39747.0
723;Mitsubishi;red;99.69;146.6;kcundek2@smh.com.au;6.0;131;
724;Ford;black;105.31;162.5;cniavesk3@fda.gov;3.0;81;30590.0
725;Maserati;yellow;108.93;207.6;dbaggk4@indiatimes.com;3.0;214;35764.0
726;Lotus;red;109.14;202.4;rhullandk5@infoseek.co.jp;12.0;241;44879.0
727;Mercury;red;101.78;163.8;ifakek6@com.com;4.0;112;36346.0
728;Acura;;;166.8;cnodenk7@vkontakte.ru;6.0;167;12937.0
729;Audi;black;103.23;148.9;awheark8@ted.com;4.0;216;32420.0
730;Porsche;blue;102.63;207.1;chabberjamk9@gnu.org;4.0;49;5523.0
731;Volvo;blue;108.62;154.2;gdallewaterka@tripadvisor.com;8.0;74;18854.0
732;Mercury;black;118.75;160.1;rpetrikb@answers.com;2.0;69;19672.0
733;Ford;red;116.83;147.3;rlangmaidkc@buzzfeed.com;;220;21211.0
734;Pontiac;yellow;101.24;183.0;cbrookerkd@uol.com.br;8.0;191;31654.0
735;Pontiac;black;91.22;198.5;lfranzschoningerke@wisc.edu;3.0;51;41730.0
736;Suzuki;yellow;114.67;195.1;flanderkf@ftc.gov;6.0;75;40575.0
737;Volvo;blue;110.1;204.1;aburetkg@topsy.com;;158;10445.0
738;Nissan;yellow;107.13;186.6;ntowseykh@examiner.com;6.0;52;23934.0
739;Plymouth;yellow;93.18;187.5;cbergstramki@nytimes.com;12.0;202;7854.0
740;Maybach;blue;112.85;159.3;cbremmerkj@wiley.com;2.0;136;5447.0
741;Nissan;yellow;101.96;164.7;ychevalierkk@netlog.com;4.0;155;23852.0
742;Chevrolet;blue;105.26;182.0;mbaukl@latimes.com;;85;25279.0
743;Toyota;black;89.78;207.7;rmanasskm@mozilla.org;2.0;96;19021.0
744;Dodge;yellow;99.58;204.5;bhaddenkn@deviantart.com;4.0;215;36177.0
745;Oldsmobile;blue;107.36;145.2;gsnalhamko@sourceforge.net;6.0;176;24019.0
746;Toyota;black;90.56;151.2;tthirwellkp@w3.org;5.0;109;7984.0
747;Ford;blue;102.78;;lregelouskq@sciencedirect.com;6.0;58;24174.0
748;Saturn;yellow;114.5;141.8;brayerkr@wunderground.com;2.0;207;22709.0
749;Ferrari;yellow;88.36;144.5;afarnyks@ebay.co.uk;4.0;145;
750;Toyota;blue;96.67;202.1;aducarmekt@g.co;3.0;134;14492.0
751;Lexus;black;101.05;181.4;tobroganku@irs.gov;3.0;220;16459.0
752;Toyota;black;118.82;;adecroixkv@java.com;;180;24697.0
753;Dodge;yellow;96.76;144.8;glealekw@oracle.com;3.0;142;39877.0
754;MINI;yellow;96.26;160.8;lfredsonkx@toplist.cz;;171;18160.0
755;Dodge;;;159.3;tpeirsonky@sphinn.com;2.0;238;41173.0
756;Cadillac;blue;91.33;192.7;npaddiekz@omniture.com;4.0;55;11880.0
757;Volkswagen;red;117.48;189.0;dbaldacchinol0@amazon.co.uk;8.0;98;33136.0
758;Infiniti;black;113.55;204.8;llachaizel1@is.gd;12.0;88;24313.0
759;Chevrolet;yellow;88.99;164.0;bjeremiahl2@gnu.org;4.0;205;39059.0
760;Kia;blue;99.68;144.1;tgrigolettil3@virginia.edu;8.0;177;35732.0
761;Mazda;blue;90.35;194.0;tdinckel4@yolasite.com;;168;14418.0
762;Toyota;blue;117.02;174.0;hkenninghanl5@symantec.com;4.0;126;30313.0
763;Mitsubishi;blue;118.79;186.7;tgarel6@plala.or.jp;4.0;222;30939.0
764;Ford;blue;109.07;189.6;tbooleyl7@altervista.org;4.0;77;23172.0
765;GMC;yellow;115.18;161.6;lblinckol8@tmall.com;6.0;107;36873.0
766;Buick;blue;118.22;181.3;hfortinl9@goo.gl;12.0;201;7040.0
767;Mitsubishi;red;99.14;194.6;ndunrigela@merriam-webster.com;2.0;152;7088.0
768;Mercedes-Benz;blue;95.98;204.0;kocklinlb@google.co.uk;3.0;150;33738.0
769;Ford;red;89.43;188.9;dtersaylc@eventbrite.com;;72;15837.0
770;Volvo;red;92.89;169.9;ffluckerld@wired.com;6.0;185;38373.0
771;Toyota;black;89.87;175.6;ascrivenle@woothemes.com;2.0;125;40886.0
772;Mercedes-Benz;black;94.51;142.7;agregerlf@ox.ac.uk;4.0;65;18201.0
773;Volvo;yellow;113.63;191.3;rsherredlg@prlog.org;12.0;66;
774;Mercedes-Benz;red;109.43;206.9;tbouchlh@berkeley.edu;4.0;233;44401.0
775;Chevrolet;blue;92.52;184.3;idrillingcourtli@accuweather.com;12.0;131;21299.0
776;Ford;red;88.73;185.8;msangelj@sfgate.com;8.0;220;23979.0
777;Ford;blue;96.74;202.6;eghilkslk@pcworld.com;2.0;171;11376.0
778;Toyota;black;119.28;172.9;mdelaceyll@4shared.com;2.0;107;15722.0
779;Pontiac;red;110.11;169.1;jcarvillalm@blog.com;2.0;69;31226.0
780;Hyundai;blue;109.37;147.0;bgrouenln@sciencedirect.com;8.0;135;5181.0
781;Audi;black;96.13;178.0;aselbielo@mail.ru;8.0;208;9509.0
782;Volkswagen;;;181.4;bmckimlp@mtv.com;5.0;206;7194.0
783;Nissan;black;106.64;191.3;htoppinglq@jalbum.net;3.0;125;44861.0
784;Volvo;red;88.33;150.4;aknockerlr@slate.com;;161;11627.0
785;Chevrolet;red;118.2;205.9;pdignonls@instagram.com;3.0;59;25127.0
786;Toyota;black;112.49;146.9;lillingworthlt@last.fm;;127;26081.0
787;Cadillac;blue;92.81;148.2;tdarrowlu@wiley.com;3.0;222;39956.0
788;Ford;yellow;110.98;152.1;gmccaffertylv@sciencedirect.com;;150;34219.0
789;Volkswagen;black;90.14;172.7;arameletlw@nbcnews.com;5.0;74;21597.0
790;Cadillac;black;116.59;159.3;vvanettilx@amazon.co.jp;;126;
791;Saab;blue;111.35;203.7;cpiwallly@redcross.org;4.0;240;36893.0
792;Honda;;;183.7;hcantrelllz@multiply.com;;223;
793;Nissan;;;165.1;jolenichevm0@reverbnation.com;4.0;102;27379.0
794;BMW;red;92.14;180.5;vtaksm1@virginia.edu;2.0;88;44726.0
795;Isuzu;blue;104.5;151.2;agooddym2@ihg.com;2.0;162;13187.0
796;Ford;yellow;100.85;173.2;jfoukxm3@nature.com;3.0;76;14404.0
797;Mazda;blue;92.97;207.3;cshrubbm4@irs.gov;2.0;128;38556.0
798;Lexus;blue;94.93;158.7;jlafaym5@salon.com;2.0;67;44112.0
799;Hyundai;yellow;108.11;198.0;mcorbenm6@chicagotribune.com;5.0;232;8693.0
800;Mitsubishi;yellow;96.61;177.4;lhawleym7@spiegel.de;6.0;68;18788.0
801;Chevrolet;blue;101.29;183.7;ageanem8@newsvine.com;12.0;106;32957.0
802;Ford;red;106.83;169.5;aocrevanm9@columbia.edu;3.0;114;6377.0
803;GMC;red;91.41;207.4;cbullardma@amazon.co.jp;12.0;229;21648.0
804;Oldsmobile;blue;105.05;162.7;ptertremb@jimdo.com;3.0;159;21541.0
805;Dodge;yellow;97.81;200.5;rfelcemc@ning.com;2.0;50;27278.0
806;Maybach;blue;109.78;151.8;rraeburnmd@bbc.co.uk;6.0;173;19328.0
807;Audi;;;187.2;ndiganme@techcrunch.com;12.0;96;19497.0
808;Kia;black;108.56;180.0;sknaggsmf@weibo.com;5.0;171;23547.0
809;Volkswagen;black;90.74;202.2;rpresnailmg@sohu.com;2.0;82;17930.0
810;Lexus;blue;90.37;175.4;lswalwelmh@jimdo.com;3.0;187;6523.0
811;Mercedes-Benz;blue;99.04;190.9;dgellettmi@cnet.com;;129;10706.0
812;McLaren;red;115.46;143.5;atsarovicmj@diigo.com;2.0;200;15370.0
813;Chevrolet;blue;114.56;200.1;mjozwickimk@nationalgeographic.com;2.0;117;7317.0
814;Pontiac;blue;90.75;;dwhittakerml@tuttocitta.it;3.0;132;19619.0
815;Nissan;black;116.98;177.5;kingreemm@washington.edu;8.0;50;31922.0
816;Mercedes-Benz;blue;98.44;168.7;foheffernanmn@ox.ac.uk;2.0;109;13116.0
817;Chevrolet;red;119.85;185.2;cbarrettmo@fda.gov;4.0;66;12041.0
818;Lamborghini;blue;97.36;203.3;bmcglewmp@sourceforge.net;8.0;127;
819;Ford;yellow;112.11;169.6;ggonzalvomq@mail.ru;3.0;125;5748.0
820;Lotus;yellow;104.98;160.4;mtookemr@fotki.com;5.0;173;10225.0
821;Nissan;black;112.16;185.6;fknowllerms@china.com.cn;3.0;168;28499.0
822;Buick;yellow;114.34;195.6;cmountlowmt@ftc.gov;8.0;190;7461.0
823;Subaru;red;117.75;198.8;menochmu@samsung.com;5.0;178;
824;Mitsubishi;blue;96.14;193.7;tpautemv@discuz.net;3.0;121;5036.0
825;Chevrolet;red;118.37;169.8;dcornthwaitemw@tumblr.com;3.0;128;25806.0
826;Pontiac;black;95.33;157.0;awoodwingmx@mysql.com;2.0;223;42501.0
827;Bentley;black;96.88;141.5;dgregsonmy@npr.org;2.0;129;10364.0
828;Dodge;black;89.47;193.3;asherwinmz@instagram.com;3.0;108;16594.0
829;GMC;red;108.85;194.4;adarten0@wikipedia.org;;203;13995.0
830;Chevrolet;black;108.94;169.8;alafayetten1@jiathis.com;2.0;92;40513.0
831;Audi;red;107.64;186.3;dhamshawn2@altervista.org;3.0;200;36712.0
832;Lexus;yellow;116.42;170.9;hcullaghn3@histats.com;12.0;48;17306.0
833;Ford;blue;111.17;198.5;mfettesn4@lulu.com;2.0;167;17617.0
834;Chevrolet;yellow;97.38;164.4;fgehringn5@un.org;5.0;174;20778.0
835;Kia;yellow;96.92;178.6;dflintn6@cafepress.com;5.0;213;11911.0
836;Toyota;blue;98.56;168.1;klackyn7@t.co;4.0;102;25105.0
837;Mitsubishi;blue;92.62;189.4;asleefordn8@tinyurl.com;5.0;204;18399.0
838;Audi;red;112.25;154.4;otinkern9@deliciousdays.com;12.0;119;44035.0
839;Chevrolet;red;102.79;194.6;plaverackna@princeton.edu;2.0;91;17154.0
840;BMW;red;99.97;166.9;flotzenb@businessinsider.com;6.0;226;16677.0
841;Pontiac;yellow;108.89;166.4;smonnerync@geocities.com;3.0;105;9754.0
842;Mitsubishi;yellow;118.56;204.4;mlyvernd@shutterfly.com;2.0;92;5477.0
843;Dodge;yellow;102.44;185.1;ballinsonne@istockphoto.com;4.0;160;
844;Honda;red;115.93;201.6;sbedrosiannf@bbb.org;8.0;174;30962.0
845;Acura;yellow;89.44;169.8;sinottng@census.gov;5.0;187;36416.0
846;Chevrolet;yellow;91.28;167.3;pmcilwainnh@craigslist.org;;62;18723.0
847;Mercury;red;107.64;182.5;jconneauni@barnesandnoble.com;4.0;170;33002.0
848;Ford;black;106.87;179.7;ajarnellnj@wikimedia.org;4.0;154;36349.0
849;Mazda;red;89.11;202.9;condrouseknk@amazonaws.com;6.0;93;10962.0
850;Pontiac;blue;112.5;154.5;bplaitnl@bizjournals.com;8.0;223;26116.0
851;Kia;blue;105.42;200.6;tfebennm@amazon.de;;48;40206.0
852;Bugatti;black;119.55;202.4;bgeorgesonnn@bing.com;2.0;202;30310.0
853;Plymouth;red;114.22;175.8;kmissenno@miibeian.gov.cn;3.0;121;28666.0
854;Mitsubishi;red;93.26;206.3;stwelvetreenp@networkadvertising.org;8.0;210;33820.0
855;Ford;yellow;91.43;207.8;pcaneonq@wsj.com;6.0;54;
856;Cadillac;yellow;92.22;184.4;rtheseiranr@t-online.de;8.0;131;25790.0
857;Isuzu;red;89.28;162.0;jeringtonns@tuttocitta.it;3.0;52;28312.0
858;Infiniti;red;106.6;166.2;moxendennt@bravesites.com;4.0;141;9230.0
859;Mercedes-Benz;red;88.33;146.2;cgajowniknu@51.la;4.0;187;34762.0
860;Mercedes-Benz;red;89.97;182.2;nskelchernv@amazonaws.com;12.0;239;17432.0
861;Acura;;;177.6;amccardnw@netlog.com;8.0;65;12835.0
862;GMC;blue;106.1;160.6;tkobierieckinx@berkeley.edu;12.0;66;29885.0
863;Mazda;yellow;117.97;187.9;bgoldbergny@state.tx.us;4.0;158;18418.0
864;Ford;;;186.9;scodlingnz@phoca.cz;2.0;203;8664.0
865;Saab;red;119.93;150.4;vpeplawo0@cpanel.net;3.0;135;29529.0
866;Hyundai;black;99.41;146.2;ubywayo1@typepad.com;;105;18884.0
867;Mercedes-Benz;red;109.95;168.7;erenshawo2@instagram.com;5.0;163;19809.0
868;BMW;red;119.31;186.2;wfrancescozzio3@un.org;2.0;109;39937.0
869;BMW;red;107.91;143.7;wmayteo4@g.co;4.0;219;38577.0
870;Mercedes-Benz;black;95.6;189.2;mmaciluricko5@slideshare.net;2.0;71;35115.0
871;Nissan;blue;115.17;175.4;akarslakeo6@blog.com;;176;30032.0
872;Oldsmobile;black;107.52;162.8;ssapsfordeo7@tumblr.com;5.0;65;38697.0
873;Lexus;blue;88.75;165.0;randreouo8@kickstarter.com;2.0;237;12069.0
874;Land Rover;yellow;107.54;158.5;idenfordo9@arizona.edu;6.0;198;44945.0
875;Subaru;black;107.74;171.9;wgotmannoa@boston.com;3.0;59;20715.0
876;GMC;red;96.12;187.6;cglackenob@arizona.edu;2.0;63;10462.0
877;Lexus;red;90.36;190.8;zbusekoc@yellowpages.com;2.0;88;36461.0
878;Dodge;red;107.06;155.7;bkeaneod@dot.gov;;48;43101.0
879;BMW;red;106.52;170.9;eburgeoe@microsoft.com;2.0;58;23337.0
880;Hyundai;blue;110.62;205.5;fwheatleyof@chron.com;5.0;71;35604.0
881;Pontiac;black;92.19;183.2;wtimmensog@sogou.com;4.0;183;11185.0
882;GMC;blue;109.74;150.2;ewarykoh@archive.org;5.0;152;42909.0
883;Ford;blue;119.37;193.3;cakamoi@wix.com;12.0;149;35693.0
884;Volkswagen;yellow;95.2;152.0;jmcmurthyoj@china.com.cn;6.0;190;40731.0
885;Ford;blue;117.05;;candreasenok@xing.com;5.0;221;28478.0
886;Buick;blue;111.01;171.1;acastiblancool@cargocollective.com;3.0;149;25792.0
887;Dodge;black;89.0;197.6;msjostromom@census.gov;4.0;229;12693.0
888;Isuzu;yellow;104.74;178.6;nhaversumon@yellowbook.com;8.0;104;43737.0
889;Chevrolet;black;98.85;155.9;fmaloneyoo@soup.io;4.0;180;26018.0
890;Kia;blue;96.78;200.2;slisop@wikipedia.org;5.0;71;7760.0
891;Volkswagen;blue;90.09;171.6;creckusoq@illinois.edu;12.0;185;13577.0
892;Honda;blue;116.55;193.9;araccioor@webmd.com;5.0;139;23712.0
893;Volkswagen;red;108.44;195.7;eickowicsos@sciencedirect.com;3.0;81;31094.0
894;Audi;black;102.43;203.5;ativnanot@gmpg.org;3.0;220;35815.0
895;Chevrolet;yellow;90.39;180.6;krangleou@mtv.com;;193;39042.0
896;BMW;yellow;100.22;;cgautreyov@acquirethisname.com;3.0;174;40792.0
897;Chrysler;black;95.71;153.6;cromaow@barnesandnoble.com;8.0;189;42589.0
898;Mercedes-Benz;red;93.24;199.9;kbordoneox@sogou.com;2.0;214;29714.0
899;GMC;black;94.46;155.8;dlarnoy@paginegialle.it;12.0;169;30372.0
900;Chevrolet;yellow;98.91;170.2;sgiottooz@about.com;2.0;73;9244.0
901;Geo;yellow;104.97;198.7;ismyleyp0@php.net;2.0;101;32052.0
902;BMW;black;99.89;186.1;mbailissp1@stumbleupon.com;;228;9527.0
903;Saturn;red;96.74;175.6;atabbernorp2@nifty.com;6.0;241;
904;Pontiac;;;174.8;lwestwaterp3@theguardian.com;4.0;55;41712.0
905;Infiniti;red;90.62;159.9;ecreanp4@fotki.com;;154;10041.0
906;Acura;;;196.0;wbardnamp5@apache.org;3.0;166;
907;Nissan;black;107.01;197.1;dsapsonp6@deliciousdays.com;3.0;168;29505.0
908;Porsche;blue;100.99;165.8;vaddessp7@comsenz.com;4.0;165;38607.0
909;Cadillac;black;119.87;189.3;mgladdishp8@digg.com;12.0;240;41887.0
910;Volkswagen;blue;103.2;184.0;tbergstramp9@jimdo.com;;214;7774.0
911;Suzuki;black;102.48;185.8;rpadwickpa@about.me;8.0;108;16290.0
912;Ford;yellow;91.86;176.6;acahernypb@pagesperso-orange.fr;2.0;132;21708.0
913;Hyundai;yellow;115.13;190.6;crickspc@patch.com;3.0;194;43524.0
914;Saturn;blue;91.13;188.1;ltollertonpd@rediff.com;;212;22002.0
915;Mercedes-Benz;;;150.1;nlatekpe@virginia.edu;;111;31317.0
916;Pontiac;black;101.08;174.1;bandrinpf@stumbleupon.com;12.0;216;18879.0
917;Chrysler;red;105.08;;erivenzonpg@storify.com;3.0;209;42440.0
918;Acura;red;109.29;169.6;ablumfieldph@symantec.com;8.0;172;18793.0
919;Chevrolet;black;99.76;179.9;askewespi@webnode.com;4.0;216;29441.0
920;Kia;black;100.26;186.5;ggrangepj@usnews.com;12.0;101;33140.0
921;Dodge;black;88.78;166.8;mgerckenspk@wordpress.com;;201;24064.0
922;Chevrolet;blue;89.51;161.8;lloffillpl@discuz.net;;57;15364.0
923;Audi;red;106.6;160.1;awegmanpm@mit.edu;2.0;174;44071.0
924;Dodge;black;96.62;149.1;ckuhnwaldpn@themeforest.net;4.0;127;26933.0
925;Chevrolet;black;106.18;180.0;cdovidianpo@taobao.com;;139;20527.0
926;Volvo;red;118.04;177.9;niannopp@taobao.com;6.0;222;27876.0
927;Mazda;yellow;102.33;166.0;brytonpq@bbb.org;2.0;164;44007.0
928;Mitsubishi;;;148.3;costlerpr@about.com;5.0;119;
929;Lexus;black;109.21;168.6;cpinkieps@berkeley.edu;4.0;190;22728.0
930;Nissan;yellow;101.43;207.5;vlistpt@g.co;5.0;112;28963.0
931;Buick;yellow;107.59;146.8;sgriegerpu@mayoclinic.com;8.0;151;
932;Bentley;red;93.86;176.6;heroniepv@dailymail.co.uk;3.0;101;5216.0
933;Nissan;black;90.45;177.1;adreelanpw@google.com.hk;5.0;213;37874.0
934;Ford;red;111.31;170.9;jpenkethmanpx@techcrunch.com;2.0;103;38509.0
935;Chevrolet;red;96.9;204.4;rblessedpy@foxnews.com;12.0;88;33431.0
936;Mitsubishi;yellow;89.28;164.3;qmichelipz@sbwire.com;5.0;80;37327.0
937;Plymouth;red;101.85;187.1;kchanceq0@eventbrite.com;3.0;205;44886.0
938;Lincoln;;;180.5;vwingateq1@myspace.com;;215;8745.0
939;Dodge;black;100.11;147.6;apenhalewickq2@telegraph.co.uk;12.0;166;33456.0
940;Mercedes-Benz;black;91.47;197.6;csutheringtonq3@zimbio.com;12.0;71;40474.0
941;Lamborghini;red;117.05;153.6;seannettaq4@artisteer.com;6.0;103;43000.0
942;Saturn;red;117.68;177.5;klednerq5@cam.ac.uk;12.0;148;23803.0
943;Dodge;blue;88.08;152.7;arushmanq6@adobe.com;6.0;222;25246.0
944;Chevrolet;blue;108.41;182.2;millemq7@youku.com;4.0;219;25440.0
945;Ford;;;167.9;bwatkissq8@taobao.com;4.0;176;40759.0
946;Lincoln;blue;110.96;185.7;sbraidleyq9@marriott.com;5.0;196;31549.0
947;Audi;yellow;99.19;187.2;rpeeqa@bbb.org;8.0;55;16855.0
948;Subaru;red;117.93;197.9;mdellatorreqb@usnews.com;8.0;171;18914.0
949;Dodge;black;110.11;159.5;mtimperleyqc@twitter.com;5.0;187;12385.0
950;Honda;yellow;90.77;179.8;gcannerqd@nps.gov;5.0;211;29948.0
951;Mazda;yellow;92.45;150.4;kvokinsqe@cbc.ca;3.0;191;30344.0
952;Buick;blue;118.63;200.3;ppancoustqf@boston.com;4.0;179;
953;Lexus;black;96.88;145.6;gdallicottqg@xinhuanet.com;2.0;222;44471.0
954;Buick;yellow;104.31;142.0;mcheesmanqh@alibaba.com;3.0;121;15823.0
955;Dodge;red;93.01;171.7;mquarrellqi@theguardian.com;4.0;93;32112.0
956;Volkswagen;;;153.5;tnevetqj@stanford.edu;8.0;156;31112.0
957;GMC;red;97.01;203.9;cwalsheqk@slate.com;3.0;230;38328.0
958;Mazda;yellow;90.68;176.9;fkeydenql@com.com;;216;
959;GMC;blue;97.06;157.1;cmcgurganqm@trellian.com;2.0;214;31384.0
960;GMC;yellow;119.2;186.5;kcominiqn@hibu.com;8.0;168;6286.0
961;Honda;yellow;97.42;183.8;fcuttingqo@cam.ac.uk;2.0;89;24024.0
962;Pontiac;black;99.44;203.9;idanesqp@prnewswire.com;12.0;86;31822.0
963;Volkswagen;red;103.24;185.6;dmcilhaggaqq@ebay.co.uk;;101;37931.0
964;Chevrolet;blue;118.26;146.4;eabramovitzqr@furl.net;5.0;234;19261.0
965;Mercury;yellow;98.85;140.6;fcoolsonqs@ftc.gov;4.0;179;24270.0
966;GMC;yellow;105.77;148.4;tforstqt@wsj.com;12.0;203;36524.0
967;Acura;red;96.72;157.9;everneyqu@elpais.com;2.0;187;26625.0
968;Chevrolet;black;90.69;178.2;htanslyqv@last.fm;5.0;61;43661.0
969;Maserati;;;205.9;jditchfieldqw@buzzfeed.com;12.0;110;35352.0
970;Audi;;;177.4;ebrockieqx@t.co;5.0;180;37051.0
971;Cadillac;blue;91.84;186.0;bcollymoreqy@wix.com;6.0;203;15768.0
972;Ford;red;96.37;144.3;ssimaqz@bloomberg.com;;232;43308.0
973;Holden;red;90.76;177.0;dcostar0@fotki.com;8.0;79;35079.0
974;Mercury;yellow;94.92;186.5;phindsbergr1@live.com;4.0;201;16019.0
975;Cadillac;black;107.82;170.9;llayburnr2@blogger.com;8.0;112;29147.0
976;Ford;black;104.59;205.4;sguildfordr3@ted.com;5.0;205;16267.0
977;Kia;;;182.9;ecronkshawr4@skype.com;8.0;232;32198.0
978;GMC;red;99.92;183.8;adevigner5@bizjournals.com;;155;31210.0
979;Ford;yellow;106.14;169.2;akinneallyr6@sbwire.com;2.0;209;31855.0
980;GMC;red;98.85;176.2;iferrarinr7@craigslist.org;6.0;190;40481.0
981;Chevrolet;yellow;90.12;163.7;mkleinhandlerr8@java.com;5.0;162;18799.0
982;GMC;red;99.22;187.2;eshulverr9@wunderground.com;2.0;145;37711.0
983;Ford;blue;97.26;170.8;ngranthamra@shareasale.com;;159;41852.0
984;Lincoln;yellow;113.42;164.9;gnaughtonrb@live.com;;161;33853.0
985;GMC;blue;88.74;176.3;wfeatherbierc@tiny.cc;2.0;95;20184.0
986;Chevrolet;red;96.22;181.5;dscogganrd@cbc.ca;4.0;208;27246.0
987;Dodge;blue;94.65;141.5;cteckre@sohu.com;3.0;53;16963.0
988;Jeep;black;92.61;161.4;nlordonrf@dyndns.org;2.0;60;36835.0
989;Mercedes-Benz;yellow;114.77;190.5;tbabingtonrg@ed.gov;12.0;164;35768.0
990;Porsche;red;98.67;143.9;kverrellrh@nydailynews.com;12.0;148;26060.0
991;Aston Martin;yellow;107.99;200.6;sedardsri@unblog.fr;5.0;216;6696.0
992;Mercury;red;113.65;;nsherbornrj@amazon.co.uk;2.0;224;15815.0
993;Scion;red;99.98;166.0;twarlawrk@homestead.com;4.0;121;31743.0
994;Chevrolet;blue;92.13;183.0;btolerl@free.fr;12.0;241;27623.0
995;Chrysler;blue;116.88;181.9;caberdeinrm@mozilla.com;5.0;221;40094.0
996;Suzuki;black;101.4;140.1;clitterickrn@ihg.com;5.0;50;32948.0
997;Mitsubishi;black;113.17;151.9;gwimesro@hibu.com;5.0;177;37206.0
998;Mitsubishi;blue;118.03;164.7;jbonnetrp@usnews.com;6.0;182;23850.0
999;Toyota;red;103.3;203.8;jtrunbyrq@apache.org;8.0;146;23414.0
1000;Mitsubishi;blue;113.42;197.8;pesilmonrr@rediff.com;12.0;238;16554.0
