id,company,color,wheel-base-style-circum-diam,length,nbSeats,num-of-cylinders,horsepower,average-mileage,price
1,Pontiac,,,153.631977064,msparks0@nsw.gov.au,twelve,162,,19534
2,MINI,color-blac,117.73,159.984453692,ikluger1@t-online.de,three,76,,35105
3,Scion,color-red,117.33,207.67555156,afinn2@intel.com,five5,83,,42705
4,Geo,color-blac,115.9,142.10695806,mscala3@va.gov,twelve,100,,17601
5,Lexus,,,166.500506944,vhinckley4@desdev.cn,six6,93,,39170
6,Porsche,color-yellow,98.16,141.650650761,rbroadbere5@baidu.com,BuG,239,,43800
7,Mazda,color-blac,109.49,165.591414945,bspybey6@github.com,twelve,64,,
8,Audi,color-yellow,106.01,200.169383428,cdabels7@google.it,[four4,170,,44116
9,Plymouth,color-blue,109.02,182.062299734,zjoselevitz8@foxnews.com,five5,53,,25430
10,Maserati,color-blac,93.33,145.887072356,jbrennan9@yahoo.com,five5,101,,10759
11,Honda,color-yellow,111.59,198.432823547,wkinworthya@angelfire.com,eight,113,,22929
12,Chrysler,color-blac,118.68,140.162757316,jbaxillb@free.fr,five5,197,,41193
13,Acura,color-blac,110.13,191.300594464,dwearnc@freewebs.com,BuG,90,,22614
14,Kia,color-red,114.29,189.552404789,cgreesond@howstuffworks.com,[four4,67,9795.37,9551
15,Audi,color-blac,93.18,148.916026888,cmanharee@bluehost.com,twelve,69,,17878
16,Jaguar,color-red,103.55,181.36595789,icornehlf@blogspot.com,five5,146,,21236
17,Chevrolet,color-yellow,100.96,198.198580824,gbrettelg@mediafire.com,eight,227,,27151
18,Aston Martin,color-blac,102.67,175.079895335,estubbeleyh@wikispaces.com,two,220,3970.35,35597
19,Kia,color-blac,109.76,189.366267462,sfernandezi@delicious.com,[four4,113,,40769
20,Toyota,color-red,119.02,168.205673264,mbusenj@techcrunch.com,[four4,212,,23350
21,Chevrolet,color-blue,89.98,140.624084754,ljurriesk@netlog.com,twelve,68,,39647
22,Mazda,color-blac,89.75,143.875088504,msindelll@infoseek.co.jp,two,200,,34502
23,Buick,color-blue,105.2,196.449926799,baldwickm@biglobe.ne.jp,eight,172,,19041
24,Saab,color-blue,110.0,207.521412304,jbenzn@ed.gov,five5,56,,31928
25,GMC,color-yellow,107.57,,nsmorthwaiteo@over-blog.com,three,152,,40672
26,Ford,color-red,108.58,189.617882165,nebsworthp@xrea.com,[four4,120,,27327
27,Volvo,color-blue,116.34,173.107705844,lwindmillq@indiatimes.com,three,213,,39442
28,Lincoln,color-blue,95.75,194.003388705,jmachenr@independent.co.uk,three,133,,13280
29,Spyker,color-yellow,115.39,141.455420104,zevendens@google.cn,BuG,86,,25005
30,Chrysler,color-blac,93.13,143.494359179,hpavyert@google.com.hk,six6,108,,39800
31,Toyota,color-red,89.29,176.469414054,jhaddyu@apple.com,six6,119,,13339
32,Kia,color-yellow,114.66,188.484613356,mheinickev@tamu.edu,BuG,231,,39827
33,Chevrolet,color-yellow,111.52,190.484182064,ulambornew@dell.com,five5,126,,6599
34,Kia,color-yellow,98.69,151.56660154,cduthiex@so-net.ne.jp,two,146,,37768
35,Ford,color-yellow,113.96,148.748382698,cphilipseny@unblog.fr,BuG,207,,41272
36,Ford,color-blac,96.5,141.981582554,ekinnenz@gmpg.org,three,60,4941.85,36111
37,BMW,color-blue,93.72,204.688054573,egounard10@a8.net,eight,226,,8199
38,Volkswagen,color-red,101.79,164.200052794,jcollacombe11@purevolume.com,five5,113,,15885
39,Maybach,color-blue,118.37,200.480112636,agorrissen12@wix.com,eight,234,6056.71,5094
40,Suzuki,color-red,107.52,194.260829745,ejeffels13@drupal.org,two,211,,8658
41,Subaru,color-yellow,89.94,190.606582927,cbracher14@google.ru,[four4,120,1506.97,5586
42,Chevrolet,color-blue,88.84,146.252445949,rcounter15@walmart.com,two,109,9066.39,28632
43,Lincoln,color-blac,113.4,202.463222723,akinvan16@cmu.edu,twelve,151,,23515
44,Chrysler,color-yellow,102.69,206.616905116,rfritchly17@w3.org,twelve,56,,8031
45,Buick,color-yellow,94.35,174.218376691,plewzey18@mit.edu,six6,66,,14936
46,Bentley,color-red,114.78,200.876614948,memsley19@usda.gov,three,229,,36329
47,Mazda,color-red,112.12,156.470535736,jchatainier1a@weebly.com,five5,196,7784.48,34244
48,Dodge,color-blac,97.14,156.158740576,cgillott1b@uol.com.br,two,219,,15352
49,Chevrolet,color-blac,110.25,185.105129584,spordal1c@shutterfly.com,twelve,59,,33330
50,Porsche,color-red,107.25,158.500191299,fandrich1d@hubpages.com,BuG,80,8282.52,16685
51,Mercedes-Benz,color-blue,94.09,198.164602707,esammut1e@pinterest.com,[four4,65,,14578
52,Porsche,color-blue,114.74,152.648725384,sgrabert1f@nba.com,BuG,199,,38515
53,Volkswagen,color-blac,91.4,176.698394441,rrenbold1g@themeforest.net,five5,208,,21946
54,Volkswagen,color-blac,118.58,164.947098809,kfarncombe1h@youtu.be,twelve,200,,10283
55,Toyota,color-blac,113.13,168.291380086,jspanton1i@google.com.au,six6,216,,37735
56,Lexus,color-blue,107.05,203.930258625,gcollin1j@cnet.com,twelve,50,,17946
57,Maserati,color-red,115.9,174.536858112,hallden1k@vimeo.com,three,230,,30761
58,Mercedes-Benz,color-red,96.23,163.114418762,ftrazzi1l@ox.ac.uk,six6,214,,11607
59,Toyota,color-blac,96.99,173.632911376,bantonelli1m@cbc.ca,five5,213,,29106
60,BMW,color-blac,90.62,150.974033446,tmcpake1n@usnews.com,five5,110,,14320
61,MINI,color-blue,96.71,207.070762447,aspray1o@tumblr.com,eight,157,,42123
62,GMC,color-blac,96.08,177.624080333,jsonghurst1p@arstechnica.com,twelve,218,,34208
63,Lamborghini,color-blac,106.8,206.503641241,clarge1q@people.com.cn,BuG,144,,25237
64,GMC,color-blac,115.03,193.269662246,maudas1r@stanford.edu,BuG,164,,7467
65,GMC,color-blac,114.1,155.350910924,abompass1s@pbs.org,five5,171,,33942
66,Mitsubishi,color-blue,108.14,146.345788256,edorwood1t@unicef.org,five5,165,8169.9,23598
67,Volkswagen,color-blac,101.79,140.751582228,hbroadway1u@blogspot.com,two,162,,16903
68,Ford,color-blac,95.98,,mferrelli1v@pbs.org,three,51,,40955
69,Mitsubishi,color-blue,95.84,176.066240549,mupfold1w@whitehouse.gov,eight,187,,19559
70,Audi,color-red,111.2,157.205187475,dcarah1x@rediff.com,BuG,242,,16864
71,Pontiac,color-red,110.48,190.165288135,gsuche1y@google.nl,BuG,76,,17634
72,Ford,color-yellow,108.63,173.177022227,edriffe1z@army.mil,twelve,156,,36132
73,Rolls-Royce,color-yellow,107.84,150.854109696,mbricklebank20@php.net,BuG,187,,10933
74,Ford,color-red,96.64,164.236409508,amccoole21@biblegateway.com,two,141,,28257
75,Buick,color-blue,115.93,187.235000393,nrabat22@ycombinator.com,two,109,,38390
76,Saturn,color-yellow,112.4,179.572659507,mgresch23@ustream.tv,twelve,75,5688.19,22234
77,GMC,color-red,94.3,146.134024007,mpancast24@virginia.edu,six6,68,,11582
78,Mercury,color-red,111.34,161.897132918,tcodron25@so-net.ne.jp,eight,140,,29407
79,Dodge,color-red,96.76,184.675363938,dmattiacci26@sun.com,twelve,239,,40332
80,Volvo,color-yellow,116.17,148.605926626,efouracres27@blogspot.com,five5,75,6473.84,35218
81,GMC,color-blue,91.7,198.222393628,lwadeson28@bloglines.com,BuG,141,,37996
82,Cadillac,color-blac,92.0,154.085524701,fcrinkley29@newyorker.com,six6,213,,34021
83,Nissan,color-blue,107.36,203.238970997,dcotterell2a@discuz.net,twelve,99,,6032
84,Plymouth,color-red,117.72,205.13718061,cdomoni2b@rediff.com,eight,206,,7929
85,Scion,,,194.749345814,abaly2c@joomla.org,six6,58,,18733
86,Chevrolet,color-red,100.28,141.548040422,atasch2d@ehow.com,BuG,126,,27763
87,Nissan,color-blue,88.14,148.057822104,lgliddon2e@clickbank.net,eight,144,,14288
88,Cadillac,color-yellow,115.86,207.218510913,aolenane2f@51.la,twelve,208,,33068
89,BMW,color-yellow,115.28,150.247377681,shuddlestone2g@newyorker.com,BuG,108,,17672
90,Volvo,color-red,112.58,198.956354537,zarter2h@businesswire.com,eight,173,,36458
91,Infiniti,color-blac,111.85,142.517210101,sbossons2i@blogspot.com,five5,87,,43116
92,Toyota,color-yellow,113.75,164.214036606,dgabitis2j@posterous.com,twelve,188,,44528
93,Mercury,color-red,114.05,179.387460817,nramsey2k@google.nl,two,81,,6568
94,Toyota,color-blue,92.45,154.643467619,crubega2l@dell.com,eight,141,,5435
95,Pontiac,color-red,100.15,181.208561566,fclynter2m@tuttocitta.it,BuG,184,,22604
96,Dodge,color-blue,93.04,174.88364257,tjevons2n@hugedomains.com,[four4,79,,15638
97,Nissan,color-blue,117.49,159.490002764,ylangeley2o@epa.gov,[four4,221,2038.94,27696
98,Buick,,,162.228713223,kboome2p@ftc.gov,[four4,51,,18878
99,BMW,color-blac,93.14,183.202829795,btatersale2q@patch.com,[four4,140,,36436
100,BMW,color-red,92.44,204.605635253,galentyev2r@delicious.com,[four4,229,,10629
101,Pontiac,color-blue,109.94,149.095755015,cstroder2s@ameblo.jp,BuG,226,,12198
102,Mazda,color-yellow,109.12,206.427755303,hjoinsey2t@sina.com.cn,eight,235,,43108
103,Infiniti,color-yellow,106.69,161.149318657,aseabon2u@abc.net.au,six6,142,,29270
104,Honda,color-blac,107.17,143.262934029,schallens2v@google.it,BuG,109,,25394
105,Mitsubishi,color-yellow,92.14,201.922824434,kbenneton2w@deviantart.com,two,231,,17725
106,Ford,color-red,107.16,178.650800151,ugillott2x@cornell.edu,eight,74,,
107,Audi,color-blac,101.73,152.019834437,cpundy2y@list-manage.com,two,221,,30656
108,Mercedes-Benz,color-blue,98.05,152.689457103,mattwell2z@adobe.com,eight,52,,19505
109,Chevrolet,color-yellow,100.56,149.894630331,tchainey30@ftc.gov,two,84,,27744
110,Maserati,color-blac,114.01,175.16896829,gmoules31@diigo.com,six6,72,,11906
111,Maserati,color-yellow,90.51,193.76232415,dworshall32@google.ru,five5,123,,23049
112,Hummer,color-red,108.11,148.217829004,ailden33@over-blog.com,five5,138,,20456
113,Volkswagen,color-yellow,98.75,159.341144178,sriddall34@guardian.co.uk,six6,191,,34493
114,Chevrolet,color-blac,101.77,191.806136486,awaywell35@blinklist.com,six6,179,,32492
115,Dodge,color-red,113.24,194.936130729,mbricham36@flavors.me,eight,72,,5972
116,Dodge,color-red,110.79,175.029001825,sniblett37@marriott.com,twelve,196,,15394
117,Chevrolet,color-blac,100.03,170.669570292,ltwinberrow38@fotki.com,six6,61,,22777
118,Mazda,color-blue,91.15,165.95262196,nbiggins39@eepurl.com,twelve,211,,40105
119,Nissan,,,161.702624182,msparrowhawk3a@netscape.com,eight,50,,16758
120,Ford,color-red,117.82,207.480000249,lburnell3b@pcworld.com,three,229,,34803
121,Suzuki,color-yellow,114.62,205.641736043,cstroyan3c@bluehost.com,two,145,,32689
122,Dodge,,,166.818082368,fgroneway3d@reference.com,six6,68,,43090
123,Saturn,color-blac,106.08,166.610454639,colfert3e@google.com.au,six6,154,,34838
124,Dodge,color-blue,117.72,159.578300298,dfrancillo3f@earthlink.net,BuG,235,,8184
125,Plymouth,color-blac,88.83,194.189875761,nsertin3g@dedecms.com,three,191,,40671
126,Nissan,color-yellow,99.26,152.161970957,rtoffanelli3h@aboutads.info,twelve,185,3853.19,8328
127,Jaguar,color-red,107.87,196.211098555,jalf3i@pbs.org,two,104,,21408
128,Audi,color-red,104.3,157.700493969,evandendael3j@wp.com,BuG,89,,13910
129,Lamborghini,color-blac,99.87,145.126483809,ikinglesyd3k@scribd.com,six6,146,,15618
130,Honda,color-blue,90.16,196.301484393,czammitt3l@facebook.com,six6,229,,31640
131,Chevrolet,color-red,119.66,165.921859888,jdusting3m@archive.org,two,175,,9436
132,Mitsubishi,,,182.749103571,dswidenbank3n@wp.com,three,87,,11272
133,Ford,color-red,119.7,205.836871076,ghuxham3o@weebly.com,[four4,154,,37264
134,Dodge,color-red,99.25,185.896360813,livashchenko3p@google.ca,six6,156,,9386
135,Volkswagen,color-yellow,119.65,165.064225652,cdenes3q@gravatar.com,twelve,159,,
136,Geo,color-blue,115.67,142.192034645,khearst3r@tamu.edu,two,76,,32638
137,Suzuki,color-blue,113.13,172.980538316,joduane3s@123-reg.co.uk,eight,204,,42316
138,Suzuki,color-yellow,92.87,142.260173931,blitton3t@quantcast.com,two,179,,10714
139,Land Rover,color-blue,92.43,198.095124228,mbullon3u@google.es,two,182,,7546
140,Lexus,,,189.499412721,gemblem3v@issuu.com,six6,210,5527.43,18177
141,Dodge,color-red,107.2,176.518261568,dvescovo3w@chronoengine.com,three,117,,29805
142,Jeep,color-blac,113.19,,kchippendale3x@tamu.edu,twelve,115,,38943
143,Nissan,color-yellow,114.51,189.033403426,fnorthall3y@exblog.jp,twelve,241,,22746
144,Toyota,,,162.106618944,rcaulket3z@elegantthemes.com,[four4,177,,25267
145,Dodge,color-blue,93.1,170.807761754,rianson40@typepad.com,BuG,241,,39702
146,Audi,color-yellow,113.41,153.328420216,shaigh41@home.pl,BuG,218,,12013
147,Hyundai,color-red,112.28,182.174393345,bgarms42@jalbum.net,[four4,242,,37923
148,Mercury,color-blac,116.87,152.961646299,asautter43@apple.com,two,92,,25335
149,Ford,color-blac,89.3,164.83860135,borpwood44@seattletimes.com,twelve,208,,41225
150,Mitsubishi,color-blue,117.7,205.326145651,eputnam45@blogger.com,six6,232,,19248
151,Mitsubishi,color-red,91.56,148.675596224,ccastilla46@gov.uk,two,218,,35077
152,Ford,color-blac,110.45,140.072659957,kbreacher47@alibaba.com,[four4,152,,5450
153,Alfa Romeo,color-red,112.44,140.944830706,szoppie48@netlog.com,eight,202,,34275
154,Buick,color-red,89.43,184.240801534,vrosendorf49@berkeley.edu,five5,153,,14314
155,Nissan,color-blue,100.38,144.843175968,ltabner4a@census.gov,twelve,107,,38233
156,Dodge,color-yellow,94.88,167.770147469,bpauling4b@chron.com,[four4,102,,43751
157,Chevrolet,color-blac,104.11,152.950611754,owroath4c@blog.com,BuG,57,,6892
158,Pontiac,color-blac,109.77,151.406647515,mreditt4d@patch.com,five5,89,,5964
159,Pontiac,color-blue,107.31,196.429567189,gmitchel4e@si.edu,six6,126,,16045
160,Chevrolet,color-blac,89.53,150.451654527,mbanting4f@yolasite.com,three,68,,
161,Pontiac,color-red,89.19,177.189381413,emounsie4g@webeden.co.uk,two,88,,15051
162,Buick,color-blac,92.89,178.358396757,jstanbro4h@behance.net,two,79,,27170
163,BMW,color-blac,95.26,203.920439916,pjirsa4i@hostgator.com,[four4,160,,37436
164,Nissan,color-blac,113.02,175.496239332,jskones4j@mtv.com,two,74,,14890
165,Nissan,color-red,100.71,198.867337365,bocriane4k@tmall.com,two,182,,39360
166,Saturn,color-blue,92.35,140.948765533,eboulton4l@cloudflare.com,eight,59,,25360
167,Chevrolet,color-blue,110.86,165.18255801,otwizell4m@diigo.com,three,142,,38403
168,Plymouth,color-red,119.13,207.025359961,vdixcee4n@so-net.ne.jp,three,79,,9415
169,Mercedes-Benz,color-red,92.1,197.803332217,dmoggle4o@home.pl,[four4,188,,33728
170,MINI,color-blac,94.2,201.019211838,jorht4p@google.com.br,BuG,181,,32986
171,Pontiac,color-yellow,118.22,194.542614356,jsplevins4q@google.co.jp,three,62,,28032
172,Jeep,color-blac,109.65,185.701412984,gwisbey4r@icio.us,twelve,204,,39062
173,Buick,color-blac,89.74,199.099103693,galleburton4s@posterous.com,two,140,9096.57,25936
174,Plymouth,color-yellow,98.13,203.226021047,mmachans4t@fda.gov,BuG,86,,32565
175,Mercury,color-yellow,116.79,143.155753664,jkhristyukhin4u@chron.com,two,187,,6210
176,Chevrolet,color-yellow,109.23,173.062105662,apales4v@yale.edu,five5,112,,14271
177,Chevrolet,color-yellow,102.12,170.63859994,cdaw4w@soundcloud.com,BuG,122,,22488
178,Dodge,color-red,115.82,174.569510072,lbew4x@patch.com,[four4,157,,29503
179,Lincoln,color-red,96.99,147.978204133,gletteresse4y@skyrock.com,twelve,235,,22513
180,Cadillac,color-yellow,113.91,141.774408129,eblockwell4z@clickbank.net,eight,135,,21316
181,Chrysler,,,168.12171711,jdelgua50@vistaprint.com,five5,195,,43617
182,Kia,color-blac,106.13,142.255627856,achurchyard51@photobucket.com,three,198,,39714
183,Mercury,color-red,99.19,168.771593418,llempel52@hhs.gov,twelve,168,,38701
184,Chevrolet,color-yellow,95.39,181.537890056,sjanko53@unicef.org,six6,122,,35810
185,Jeep,color-yellow,111.65,177.576229297,fkittow54@wired.com,two,240,,16763
186,Mercedes-Benz,color-blac,105.01,187.628907895,gburstowe55@hubpages.com,eight,233,,14687
187,Maybach,color-yellow,89.45,146.510992724,lshowte56@who.int,twelve,216,,23495
188,Mitsubishi,color-red,93.85,151.508195029,pgarm57@shareasale.com,two,112,,21051
189,Pontiac,color-blue,100.11,158.146478648,nclash58@ox.ac.uk,twelve,173,,36346
190,Spyker,color-red,92.18,158.521917512,jallchorne59@upenn.edu,eight,162,,15188
191,Ford,color-yellow,93.28,173.533611652,kswinfon5a@behance.net,five5,125,,13980
192,Audi,color-blac,103.59,169.550964728,csexton5b@yellowbook.com,three,153,,7378
193,Isuzu,color-blue,95.89,199.535225241,ichidzoy5c@mapy.cz,BuG,183,,7006
194,Ford,color-yellow,94.32,172.036265796,afolk5d@t-online.de,six6,94,,15863
195,Chevrolet,color-yellow,96.1,159.99015461,fgierth5e@vimeo.com,eight,91,,36830
196,Ford,color-yellow,92.22,153.062621519,mrookesby5f@huffingtonpost.com,two,163,,43843
197,Lincoln,color-yellow,98.4,194.38406784,rnowell5g@forbes.com,six6,161,,24087
198,Ford,color-blac,92.25,192.05402243,gnazaret5h@blogger.com,two,90,,22900
199,Buick,color-yellow,104.11,180.670143419,gvarran5i@w3.org,BuG,137,,13593
200,Chrysler,color-blue,100.92,203.585352752,hpinch5j@wikimedia.org,six6,157,1822.36,8855
201,Mitsubishi,color-blac,114.29,180.685798001,lbassano5k@dion.ne.jp,twelve,201,,13735
202,Chrysler,color-red,104.07,143.17317193,smanzell5l@soup.io,three,68,,41766
203,Chevrolet,color-blue,102.71,185.78313935,bcregan5m@accuweather.com,eight,228,3773.05,14647
204,Saab,color-red,92.14,182.09968352,ocourtes5n@va.gov,BuG,150,,18838
205,Mitsubishi,color-red,93.6,151.66891404,fcunnane5o@infoseek.co.jp,eight,133,,34802
206,Porsche,color-yellow,102.66,206.070306738,aclorley5p@wordpress.org,six6,149,,15766
207,Ford,color-blue,98.01,204.627909848,vgregore5q@yandex.ru,twelve,178,,27363
208,Nissan,color-red,108.13,180.771582586,ebonfield5r@wordpress.org,twelve,173,,36891
209,Cadillac,color-blac,90.23,202.37891328,bmeredith5s@hhs.gov,eight,171,,28356
210,Kia,color-blue,115.21,,bnannoni5t@multiply.com,twelve,110,,20357
211,Nissan,color-blue,113.08,200.832559672,jkubicka5u@marriott.com,BuG,49,,12450
212,Volvo,color-blue,113.27,157.448906474,jvosse5v@cafepress.com,three,231,,14714
213,Volkswagen,color-yellow,108.93,189.074349849,sivantsov5w@lycos.com,BuG,125,8198.63,20517
214,Plymouth,color-blac,116.07,159.283413882,gubsdell5x@youku.com,BuG,131,,10600
215,Cadillac,color-blac,106.89,140.0841695,hgoodread5y@amazon.com,eight,196,,5429
216,Dodge,color-yellow,101.91,163.909786571,gsoule5z@etsy.com,BuG,113,,9763
217,Nissan,color-blue,91.41,176.788943622,mflemming60@accuweather.com,five5,93,,8710
218,Bentley,color-blac,115.75,203.695809966,hbegwell61@indiegogo.com,eight,201,,29783
219,Audi,color-red,93.36,172.025274616,ashellard62@alibaba.com,two,105,,8139
220,Mitsubishi,color-red,116.98,159.537195053,epaine63@merriam-webster.com,twelve,177,,41242
221,Nissan,color-blac,95.46,170.312952955,afoyston64@vkontakte.ru,BuG,228,,40666
222,Jeep,color-red,117.44,156.951155143,afrow65@webmd.com,three,150,,9038
223,Ford,color-red,111.35,205.174994859,nsurphliss66@cyberchimps.com,twelve,191,,8463
224,Toyota,color-red,104.35,142.777352985,mdando67@time.com,two,164,,20065
225,Pontiac,color-blue,109.44,149.541400329,amarkos68@domainmarket.com,two,236,,20490
226,Porsche,color-red,100.56,176.350980506,gattac69@storify.com,two,178,,29001
227,Saab,color-blue,95.13,195.946155769,stingly6a@1688.com,two,87,,24631
228,Porsche,color-red,90.45,166.879030493,msalvidge6b@home.pl,[four4,116,,5828
229,Audi,color-blac,119.29,190.432664494,tpaxman6c@ask.com,two,218,,41987
230,Mitsubishi,color-red,116.12,205.37282063,cingyon6d@dell.com,[four4,223,898.55,11350
231,Jeep,color-yellow,100.48,193.294608224,rsilvester6e@meetup.com,five5,168,,37627
232,Ford,color-red,97.57,201.13209141,candrejs6f@netlog.com,five5,98,,17945
233,Toyota,color-red,94.83,173.194415514,gbourgaize6g@gnu.org,[four4,221,7495.28,9548
234,Chevrolet,color-blac,97.93,150.878957403,aluchelli6h@google.ca,eight,208,,6284
235,Chevrolet,color-blue,91.12,149.150608123,iwohler6i@wix.com,BuG,129,,17811
236,Volvo,,,156.226898123,bmacmillan6j@icio.us,two,188,,7533
237,GMC,color-blue,91.54,177.931475131,dgoolden6k@multiply.com,[four4,129,,36985
238,Toyota,color-blue,106.93,144.936299437,brawdall6l@desdev.cn,six6,63,,36751
239,Dodge,color-red,98.69,202.078598657,rpulley6m@cargocollective.com,eight,228,,16574
240,Mercury,color-yellow,107.11,203.176131823,meastcourt6n@umn.edu,six6,74,,39862
241,Mitsubishi,color-blue,91.16,,bsunderland6o@360.cn,two,188,,
242,Mazda,color-red,113.29,199.422103864,dtoal6p@chron.com,[four4,67,,44742
243,Buick,color-red,115.33,180.612324635,pbestwick6q@altervista.org,five5,219,,37945
244,Ford,color-blue,95.92,153.323208896,gbackson6r@sfgate.com,two,137,,39309
245,Jaguar,color-yellow,111.93,192.050671579,byglesia6s@irs.gov,five5,233,,14368
246,GMC,color-blac,101.47,158.94837363,lformilli6t@ftc.gov,twelve,84,,18773
247,Jeep,color-yellow,103.71,174.552728707,brembrandt6u@craigslist.org,six6,188,,28204
248,Mitsubishi,color-yellow,106.51,161.184960023,mcoye6v@bbc.co.uk,two,179,,42393
249,Saab,color-blac,111.51,166.003728148,scoat6w@chron.com,two,208,,27056
250,Chevrolet,color-blac,116.79,195.595999305,bcowdrey6x@tinypic.com,eight,91,,42335
251,CitroÃ«n,color-yellow,118.31,201.378069844,jthulborn6y@feedburner.com,[four4,182,,27959
252,Porsche,color-blue,119.68,184.116881728,lkaplan6z@mapy.cz,eight,152,,23570
253,Volkswagen,color-blue,100.47,189.872997633,ckobpa70@macromedia.com,five5,97,,37053
254,BMW,color-blue,91.1,201.556718267,afosh71@soup.io,BuG,77,8648.56,25378
255,Saab,color-red,97.21,175.319401953,jpryell72@infoseek.co.jp,[four4,169,,37257
256,Nissan,color-blac,119.92,164.593872414,ciannelli73@go.com,six6,52,,33298
257,Land Rover,color-blue,96.29,193.778180715,rrennison74@seattletimes.com,six6,60,,43294
258,GMC,color-yellow,89.27,170.721772092,spfeifer75@nhs.uk,BuG,237,,11260
259,Mercury,,,151.404832154,awaltho76@usda.gov,five5,236,,31783
260,Pontiac,color-red,96.33,166.158219253,broby77@nbcnews.com,eight,237,,27078
261,Land Rover,,,193.792022116,dohingerty78@gizmodo.com,three,58,,24016
262,Mitsubishi,color-blac,119.44,172.471878641,wmacdunleavy79@yellowbook.com,three,71,,31476
263,Mercury,color-red,99.4,168.1147438,afidilis7a@netscape.com,five5,232,7140.73,5042
264,Nissan,color-blue,92.66,195.319013752,ldudley7b@delicious.com,twelve,107,,
265,Mazda,,,204.211248453,efantini7c@infoseek.co.jp,three,179,,42649
266,GMC,color-yellow,105.99,165.437087047,ncowsby7d@purevolume.com,BuG,233,,20564
267,Subaru,color-blac,104.71,142.064468652,svankeev7e@joomla.org,two,64,,29810
268,Honda,,,152.915025379,jtruwert7f@icq.com,six6,117,,8196
269,Chevrolet,color-blac,102.23,172.60014763,ilearned7g@comcast.net,five5,104,,27427
270,Lexus,color-blue,115.69,147.924830329,catherton7h@xinhuanet.com,five5,173,,10442
271,Chevrolet,color-blac,108.68,197.510908661,nvandecappelle7i@ucoz.ru,[four4,77,,41565
272,Volvo,color-yellow,116.42,191.067942456,cwortley7j@angelfire.com,five5,195,,
273,Dodge,color-yellow,105.49,156.006266657,lruppertz7k@myspace.com,BuG,190,,34987
274,Kia,,,146.535860062,eclift7l@vk.com,six6,227,,16371
275,Panoz,color-blue,104.02,206.553592772,mrizzardo7m@businessweek.com,BuG,81,,21491
276,Lexus,color-red,99.78,204.507251374,lswenson7n@timesonline.co.uk,two,125,,15596
277,BMW,color-yellow,104.93,154.485524395,llackie7o@accuweather.com,six6,141,,22468
278,Dodge,color-yellow,102.61,200.59493885,pgrent7p@time.com,[four4,53,,22498
279,Porsche,color-yellow,112.6,157.233906622,cleverage7q@ucsd.edu,two,155,,26391
280,Chevrolet,color-yellow,98.73,151.738310789,kbritten7r@ox.ac.uk,six6,64,,36790
281,Chevrolet,color-blac,100.57,159.867004038,ksenechault7s@hubpages.com,[four4,188,,16240
282,Hyundai,color-red,100.57,197.372376819,wdudney7t@wired.com,six6,122,,
283,BMW,color-red,105.37,179.388850062,hquogan7u@msu.edu,two,60,,27570
284,Ford,color-red,111.23,151.864042574,lthrussell7v@youku.com,six6,69,,28193
285,Kia,color-blue,93.7,145.588032043,fmitchely7w@about.com,eight,205,,21149
286,Mercedes-Benz,color-blue,94.47,194.148876333,mplampeyn7x@ifeng.com,six6,212,,35026
287,Mazda,color-red,109.22,207.35160459,wbrotherhood7y@dailymail.co.uk,eight,215,,16763
288,Buick,color-red,108.59,198.541034258,eeadmeads7z@ibm.com,five5,50,,8794
289,Mercedes-Benz,color-yellow,95.12,173.526979627,dwoodburne80@ft.com,two,208,,35021
290,Ford,color-blue,116.81,206.878984171,vionesco81@bloomberg.com,three,224,,43765
291,Subaru,color-yellow,91.71,,bescalante82@nifty.com,eight,182,,10007
292,Saab,color-yellow,109.93,159.311779097,ppegler83@acquirethisname.com,eight,139,,32986
293,Bentley,color-blue,89.59,180.048058546,bsabathe84@meetup.com,five5,108,,6028
294,Lexus,color-red,91.0,178.717295218,dtosh85@virginia.edu,twelve,224,,44864
295,Buick,color-red,108.24,187.020322509,kjouen86@sourceforge.net,twelve,115,,31472
296,Honda,color-red,96.21,144.127731127,snealon87@nationalgeographic.com,BuG,228,,18056
297,GMC,color-yellow,106.96,165.601753354,ccowling88@behance.net,[four4,52,,20153
298,Suzuki,color-red,119.35,174.225061098,cmccritichie89@mtv.com,three,101,,27728
299,Oldsmobile,,,155.129231313,dfrancescone8a@sitemeter.com,six6,84,,25651
300,Chevrolet,color-blue,91.01,172.20780003,jhoneywood8b@fema.gov,five5,211,,44085
301,GMC,,,189.550041746,kholdall8c@list-manage.com,BuG,165,,37249
302,Toyota,color-yellow,115.13,179.306736813,ktregenza8d@disqus.com,three,177,,42276
303,Dodge,color-red,99.09,182.34546917,mgrimditch8e@ox.ac.uk,two,86,,43276
304,Mazda,color-blue,111.53,198.327539157,vgiacopazzi8f@nsw.gov.au,six6,242,,44319
305,Mitsubishi,,,194.115010684,gpoundford8g@constantcontact.com,eight,135,,35729
306,GMC,,,198.69839007,dlyven8h@webs.com,[four4,167,,32612
307,Acura,color-blac,105.75,157.278538925,tlelande8i@omniture.com,three,94,,42018
308,Daewoo,color-yellow,99.16,,hphuprate8j@archive.org,two,191,,19302
309,Subaru,color-yellow,109.47,204.46329062,lfrancesch8k@etsy.com,[four4,144,,21561
310,Lexus,color-red,88.68,188.066930629,aspini8l@cornell.edu,three,77,,12888
311,Land Rover,,,165.354449499,smurrock8m@cmu.edu,twelve,222,,12740
312,Ford,color-yellow,94.42,144.217731975,crustman8n@marriott.com,two,213,,22522
313,Lexus,color-yellow,89.62,180.047247371,zalthrop8o@ca.gov,five5,141,,
314,Dodge,color-yellow,119.07,169.681883797,ytupie8p@homestead.com,three,117,,6596
315,Toyota,color-yellow,117.42,141.510470729,lmcgunley8q@imageshack.us,three,174,,7143
316,Mitsubishi,color-yellow,99.95,144.399230312,mkoenen8r@washingtonpost.com,twelve,125,,9006
317,Buick,color-blue,109.86,167.6932298,reede8s@twitter.com,five5,88,,18894
318,Mercury,color-red,100.05,144.200124228,eroyden8t@ask.com,twelve,156,,7345
319,Hyundai,color-blue,118.67,190.06822245,cscarsbrick8u@mac.com,BuG,150,2757.22,17857
320,Kia,color-blue,96.97,149.257552301,cbatecok8v@sun.com,BuG,64,,12824
321,Nissan,color-red,101.93,163.726836785,eealden8w@shutterfly.com,five5,242,,15689
322,Buick,color-red,101.36,181.918269901,ereglar8x@free.fr,BuG,140,,23811
323,Aston Martin,color-red,110.32,201.131796611,gyedall8y@fc2.com,BuG,145,,41822
324,Ford,color-blac,112.92,165.463682034,hnaptine8z@scientificamerican.com,six6,231,,9750
325,Toyota,color-blac,96.91,188.411079014,broust90@technorati.com,five5,61,,
326,Pontiac,color-yellow,94.97,168.233646526,wwardroper91@opera.com,BuG,128,,25130
327,Ford,color-blac,116.53,200.982845409,mlunny92@army.mil,BuG,68,,16291
328,Volkswagen,color-red,108.53,205.341787917,kmorillas93@bloglines.com,twelve,179,,15804
329,Maybach,color-yellow,103.72,159.586561528,jphetteplace94@miitbeian.gov.cn,two,56,,19945
330,BMW,color-red,109.38,188.636903418,hcamlin95@ftc.gov,six6,171,,31090
331,Ford,color-red,93.81,188.538439215,galdhouse96@lycos.com,two,114,,23595
332,GMC,color-red,104.66,193.950736952,dmoro97@nsw.gov.au,five5,72,7997.94,30101
333,Ford,color-yellow,90.28,160.527030111,rellins98@constantcontact.com,BuG,102,,14666
334,Volvo,color-blue,89.56,175.856270362,jpaur99@smugmug.com,three,239,,44863
335,Volvo,,,164.044113807,mmcguinley9a@springer.com,two,200,,23578
336,Ford,color-red,113.88,204.253263192,jhawkeridge9b@ox.ac.uk,six6,118,,
337,Ford,color-blac,100.69,186.140051534,ndunstan9c@tripadvisor.com,five5,106,,24280
338,Cadillac,color-blue,112.81,187.210796264,olantry9d@yellowbook.com,eight,141,,35418
339,GMC,,,197.112340575,dchingedehals9e@topsy.com,two,169,,9717
340,Mitsubishi,color-red,94.07,177.457318228,gdarley9f@sina.com.cn,twelve,63,,13314
341,Suzuki,color-blac,92.73,207.8048272,ahassen9g@umich.edu,two,49,,32637
342,BMW,color-blac,89.48,157.950975444,ngloves9h@globo.com,[four4,138,,9767
343,Mercedes-Benz,color-red,102.59,201.930432312,tcalven9i@ebay.com,five5,218,,
344,Saab,color-blue,111.04,203.152184322,scoldridge9j@tuttocitta.it,two,113,,24136
345,Mitsubishi,color-red,91.74,187.637512598,ttittletross9k@google.com.hk,two,238,,19475
346,Acura,,,164.790739503,wleates9l@google.com.br,[four4,73,,12182
347,Cadillac,color-blac,111.64,182.491238428,jcharge9m@google.ca,six6,220,,21412
348,Honda,color-blac,102.41,175.963503545,bozintsev9n@themeforest.net,three,61,,36970
349,Honda,color-red,92.89,177.205584697,dkulver9o@ameblo.jp,six6,147,,43190
350,Honda,color-blac,95.55,177.216418517,fpalfrey9p@techcrunch.com,eight,118,,35192
351,Ford,color-red,112.33,205.357716957,tjedrys9q@netlog.com,six6,239,,26618
352,Mercedes-Benz,color-blue,112.51,170.900428493,dchidgey9r@oaic.gov.au,two,187,,5611
353,Suzuki,color-red,104.16,168.560881861,dplant9s@scientificamerican.com,three,232,3368.33,39535
354,Mazda,color-blac,101.92,155.005092603,nsoar9t@un.org,twelve,64,,40558
355,Porsche,color-red,104.26,180.96449262,hlaister9u@timesonline.co.uk,[four4,173,,39781
356,Toyota,color-red,112.34,191.517497783,fshade9v@pbs.org,BuG,136,,37574
357,Ford,,,154.142364924,sjacomb9w@noaa.gov,eight,136,,
358,Volkswagen,color-red,107.27,,bmoxom9x@alibaba.com,two,132,,36408
359,Suzuki,color-blue,88.24,144.19920754,mmugridge9y@google.de,two,56,,
360,Volkswagen,,,159.587148025,gmagill9z@examiner.com,BuG,52,,26150
361,Toyota,color-blue,100.18,179.560351707,ctellenbroka0@marketwatch.com,three,135,,15723
362,Toyota,color-blac,115.67,149.546068632,dnelliesa1@tripod.com,[four4,131,,18289
363,Chevrolet,color-blac,113.94,148.083410068,jlushera2@ft.com,twelve,158,,8818
364,Volvo,color-red,110.64,200.964722341,lmannocka3@dailymotion.com,three,89,,15618
365,Pontiac,color-blue,107.61,173.024676459,obealea4@twitpic.com,six6,63,,33227
366,Hyundai,,,202.538027377,gmermana5@ifeng.com,twelve,127,,10432
367,Mercury,color-blue,88.25,205.684092244,cjohnseya6@msn.com,[four4,140,,37495
368,Chevrolet,color-red,114.47,164.683447488,sgouldsmitha7@nydailynews.com,twelve,229,,35759
369,Suzuki,color-yellow,98.99,178.915495968,hlauchlana8@archive.org,six6,79,8925.05,35562
370,Ford,color-yellow,109.21,153.79801644,aemblena9@canalblog.com,six6,87,,25669
371,Chrysler,color-red,93.63,163.94372213,twentaa@nih.gov,twelve,219,,13656
372,Chevrolet,color-red,101.55,197.903280394,dpeppardab@arstechnica.com,eight,146,,43250
373,Jeep,color-blue,99.63,176.035796903,ewestermanac@shop-pro.jp,eight,99,,31644
374,Ford,color-yellow,108.38,150.466200067,ofrendad@house.gov,five5,112,,44060
375,GMC,color-red,101.74,204.300145424,mjosowitzae@people.com.cn,[four4,122,,39419
376,Ford,color-yellow,92.53,185.311504747,bgreschikaf@twitter.com,five5,173,,22643
377,BMW,color-blac,102.09,178.682969027,lbirtwhistleag@miitbeian.gov.cn,BuG,168,,25485
378,Scion,color-blac,92.35,172.971420574,jrucklesseah@sogou.com,BuG,85,,20355
379,Pontiac,color-red,97.38,142.268156871,gglantzai@sakura.ne.jp,five5,161,,33730
380,Jaguar,color-blac,113.94,171.069628392,mbrunneraj@t-online.de,BuG,70,,32103
381,Nissan,color-blac,117.98,174.436568793,jrevelleak@e-recht24.de,BuG,216,,12837
382,Buick,color-red,100.99,157.504115419,wmoxsonal@tinypic.com,five5,56,,29375
383,GMC,color-blac,115.07,182.45820772,tjohlam@va.gov,[four4,152,,32317
384,Toyota,color-blue,112.37,171.432179887,gdrinkeldan@columbia.edu,two,98,,34184
385,Hyundai,color-yellow,105.67,179.947509325,ssemeniukao@amazon.de,twelve,167,,14559
386,Pontiac,color-yellow,95.52,190.197232139,ikeymarap@ocn.ne.jp,three,222,,
387,Eagle,color-red,119.71,160.513790263,adepietriaq@is.gd,twelve,132,7365.31,35972
388,Chevrolet,color-blue,101.34,177.812223976,zsthillar@cnet.com,BuG,124,,22717
389,Toyota,color-blue,107.19,193.828092502,fbrookhouseas@twitpic.com,eight,163,,10813
390,Mitsubishi,color-yellow,117.7,153.016916816,dbrodneckeat@fotki.com,six6,167,,8341
391,Dodge,,,193.338638583,siczokvitzau@bbb.org,six6,167,,29749
392,Subaru,color-red,90.37,173.41736957,fjacoxav@g.co,six6,49,,12905
393,Volkswagen,color-red,98.25,176.968790837,gjervoiseaw@marketwatch.com,BuG,66,,39399
394,Hummer,color-red,96.82,179.326324479,ehurlingax@lycos.com,[four4,162,,5675
395,Nissan,color-red,92.95,187.521696759,dstokeyay@jalbum.net,three,227,,5317
396,Volkswagen,color-yellow,115.51,,agarmeyaz@hao123.com,three,98,,31454
397,Chevrolet,color-blac,89.9,201.914009876,bcaldesb0@cam.ac.uk,two,193,,5991
398,Chrysler,color-blue,117.87,150.317872512,gboheyb1@zimbio.com,eight,213,,40875
399,Bentley,color-blac,101.68,172.465457498,rhughillb2@tiny.cc,six6,78,,
400,GMC,,,141.203927482,ejaneczekb3@statcounter.com,two,53,,14337
401,Ford,color-yellow,93.64,165.560954095,rtenwickb4@joomla.org,three,98,,37928
402,Mazda,color-red,92.82,203.52118539,dfredeb5@wsj.com,three,153,,6707
403,Mazda,color-red,116.12,181.119459967,pedneyb6@ucla.edu,twelve,92,5462.0,40382
404,Dodge,color-yellow,103.45,173.290241382,golifardb7@google.co.uk,eight,49,,15140
405,Chevrolet,color-blac,111.02,159.009116224,ddeenerb8@smh.com.au,twelve,132,,27917
406,Chevrolet,color-red,94.8,141.264384588,tolivob9@amazon.com,two,148,,7771
407,Chevrolet,color-blac,90.36,170.60709283,drodbourneba@free.fr,BuG,66,4090.14,15712
408,Pontiac,color-blue,112.52,201.482771289,nphoenixbb@washington.edu,[four4,103,,14888
409,Lincoln,color-blac,100.31,174.313785259,gollisbc@topsy.com,BuG,72,,21067
410,Chevrolet,color-yellow,98.91,141.6498708,ascandritebd@cocolog-nifty.com,eight,141,,37951
411,Mazda,color-blac,92.52,140.318424096,gklossekbe@opera.com,six6,209,,40788
412,Infiniti,color-yellow,106.01,170.124607022,kgrimwadbf@statcounter.com,BuG,88,,13327
413,Spyker,color-yellow,114.4,145.329373516,ndumbarbg@bloomberg.com,two,117,,13769
414,Ford,color-yellow,97.61,204.686285839,ptoupebh@webmd.com,two,205,,42086
415,Plymouth,color-blac,109.35,179.271667647,dparkhousebi@youtube.com,six6,195,,42713
416,Toyota,color-yellow,88.74,195.080556129,ehawkyensbj@washington.edu,[four4,223,,15141
417,Volkswagen,color-blue,110.73,143.339625874,mjimenobk@over-blog.com,twelve,75,,25913
418,Ford,color-blue,99.23,172.057963086,acleavelandbl@techcrunch.com,eight,181,,17223
419,Infiniti,color-yellow,106.33,177.813623601,tcritchardbm@weather.com,two,237,,12466
420,Mitsubishi,color-red,116.57,169.546304041,mgrewarbn@youtube.com,eight,100,,23869
421,Lamborghini,color-red,110.24,144.307213704,fbentkebo@rediff.com,[four4,216,,15521
422,GMC,color-blac,112.17,182.887303402,mbarnbrookbp@cornell.edu,eight,90,,39519
423,Acura,color-yellow,90.52,156.042096118,btruinbq@typepad.com,[four4,88,,
424,Dodge,color-red,118.89,153.108365688,lpickardbr@google.es,eight,112,,8842
425,Pontiac,color-blue,104.63,141.666719611,mvonhelmholtzbs@digg.com,three,189,,14164
426,Maserati,color-red,115.04,171.857847877,acalderobt@geocities.com,[four4,114,,13129
427,Jeep,,,206.363673066,conelebu@shutterfly.com,five5,210,6292.33,42049
428,Subaru,color-red,111.93,204.831133678,dthoresbybv@shinystat.com,twelve,114,,42509
429,Toyota,color-red,92.99,196.967473307,owyldborebw@elpais.com,[four4,91,,10848
430,Toyota,color-red,99.71,202.682457337,cstlegerbx@businesswire.com,two,92,,39333
431,Suzuki,,,153.832484393,aschuelckeby@npr.org,six6,115,,40539
432,Chevrolet,color-yellow,112.2,165.34648808,pthoresbybz@paginegialle.it,[four4,196,,37809
433,Scion,color-blue,98.8,152.706922438,hdenyc0@si.edu,twelve,110,,17989
434,Mitsubishi,color-red,91.09,150.447223223,ydishmanc1@list-manage.com,three,150,,34575
435,Pontiac,color-blue,110.17,155.789843396,tisaacc2@tamu.edu,twelve,144,,38559
436,Nissan,color-blue,119.29,144.79680179,ldeignanc3@arstechnica.com,twelve,74,,36192
437,Nissan,color-blac,92.18,201.521880138,gbarreauc4@t-online.de,[four4,160,,7103
438,Lamborghini,color-red,119.23,141.241963048,ybovingdonc5@state.gov,eight,120,,41608
439,Oldsmobile,color-yellow,112.23,160.804574592,dnorridgec6@ustream.tv,six6,89,,33075
440,Chevrolet,color-yellow,95.8,206.333693246,jyeudec7@cocolog-nifty.com,three,76,,17925
441,Suzuki,color-blue,95.2,190.79013441,pkopmannc8@sina.com.cn,five5,56,,35319
442,Mitsubishi,color-blac,91.42,184.943719722,pshepperdc9@nymag.com,[four4,168,,35345
443,Saturn,color-blac,98.79,143.936293867,lsymcoxca@qq.com,twelve,86,,17621
444,Dodge,,,173.693902651,ckitcatcb@comcast.net,twelve,84,,36304
445,Ford,color-yellow,97.63,146.322574799,cschafercc@vistaprint.com,BuG,164,,7316
446,Buick,color-red,95.31,146.154872102,wgardenercd@sfgate.com,BuG,173,,28253
447,Toyota,color-blac,117.66,149.463862077,fsievewrightce@thetimes.co.uk,BuG,93,,14536
448,GMC,color-red,93.87,200.58045428,wiviecf@fda.gov,six6,89,,27141
449,Chevrolet,color-blac,105.5,193.427335714,ddikescg@webnode.com,six6,162,,6014
450,Porsche,,,164.481587709,kdaviech@google.es,eight,64,,7154
451,Volvo,color-red,111.34,168.220216212,mnewportci@paginegialle.it,[four4,141,,29585
452,Mitsubishi,color-blac,108.72,206.807218138,byitzhokcj@tripod.com,three,93,,32122
453,Mitsubishi,color-blue,100.94,145.837508092,klightowlersck@paginegialle.it,two,223,,33422
454,Ford,color-blue,95.34,145.275621762,bjancikcl@loc.gov,[four4,201,,
455,Mitsubishi,color-yellow,112.41,170.017646649,agouldsmithcm@live.com,three,167,,30554
456,BMW,color-blue,98.57,188.68943642,gsatecn@a8.net,eight,174,,44422
457,Chrysler,color-blue,91.9,141.800336132,obesnardeauco@merriam-webster.com,five5,90,,44244
458,Volkswagen,color-red,104.57,192.353233337,kmumbraycp@angelfire.com,six6,121,,27894
459,GMC,color-yellow,102.91,175.779414614,iklavescq@jugem.jp,six6,101,,38667
460,Chevrolet,color-red,114.93,,ekentcr@cnn.com,twelve,178,,22031
461,Mazda,color-blac,108.12,201.762638146,smackilpatrickcs@mit.edu,[four4,62,,
462,Ford,color-blue,108.37,201.053207537,hstoakct@is.gd,eight,142,,35983
463,Cadillac,color-blue,111.9,190.679719944,jbloxamcu@google.it,six6,194,682.52,8785
464,Volkswagen,color-red,100.47,199.301852623,gcornbillcv@arstechnica.com,eight,241,,16324
465,Nissan,color-blac,90.15,147.902583092,mcamockcw@washington.edu,two,173,,8898
466,Ford,color-blac,113.04,155.82508192,jcossonscx@sakura.ne.jp,five5,213,,21633
467,Hyundai,color-blue,93.53,188.175159107,pkornelcy@qq.com,[four4,61,,7586
468,Bentley,color-yellow,98.56,157.893967185,bsimoncinicz@cargocollective.com,six6,82,8642.34,7243
469,Mitsubishi,color-blue,111.85,198.252215079,gbennoughd0@clickbank.net,two,207,,15288
470,Rolls-Royce,color-red,93.99,205.469291479,ghulkd1@loc.gov,two,86,,21783
471,GMC,color-blue,102.99,145.436065649,lvellenderd2@nba.com,three,127,8548.16,21093
472,Acura,color-red,102.99,202.621594965,lfollacarod3@jugem.jp,six6,137,,19470
473,Ford,color-red,101.74,157.913002462,tcolsond4@mysql.com,BuG,132,,40550
474,Kia,color-red,116.13,161.704675075,mgillinghamd5@ezinearticles.com,[four4,115,,42785
475,Cadillac,color-blue,93.98,176.360265065,cminchintond6@storify.com,three,218,,38802
476,Suzuki,,,158.153231264,cfilippyevd7@addthis.com,six6,151,,14048
477,Chevrolet,color-red,103.53,157.663451298,ffronksd8@auda.org.au,five5,145,,23607
478,Jeep,color-blue,112.17,196.879617593,mheinekend9@example.com,eight,177,,27000
479,Chrysler,color-blue,102.51,173.130995016,amolinesda@eventbrite.com,twelve,124,,9575
480,Mercury,color-red,110.56,148.557134767,alemerydb@bigcartel.com,[four4,207,8071.43,36036
481,Mercury,color-red,104.85,156.011835188,dcastelaindc@unc.edu,BuG,55,,44216
482,Toyota,color-blue,101.67,204.892188691,kdodgedd@booking.com,five5,82,,9820
483,Tesla,color-yellow,110.26,181.078941044,gjellybrandde@toplist.cz,six6,113,,38628
484,Mercedes-Benz,color-yellow,98.92,204.064609618,dcailloudf@usda.gov,[four4,162,,26323
485,Mazda,color-red,99.52,188.178434217,nlabbatidg@live.com,twelve,133,,16980
486,Pontiac,color-blue,114.95,176.598605618,qchottydh@amazon.co.jp,three,177,,20002
487,GMC,color-blac,107.21,153.489920293,ifieldendi@usnews.com,five5,130,,22641
488,Ford,color-blue,114.33,151.611099695,dmacnabdj@bigcartel.com,[four4,128,,41643
489,Infiniti,color-blac,100.71,177.799960506,rmcillrickdk@ebay.com,eight,209,,9152
490,Ford,color-blac,118.49,175.182369783,troebuckdl@unicef.org,six6,150,,10650
491,Oldsmobile,color-blac,94.03,154.26153693,tgoldspinkdm@sciencedaily.com,two,133,,8742
492,Volkswagen,color-red,110.15,174.850669818,mkeepencedn@cocolog-nifty.com,BuG,204,,38818
493,Mazda,color-blac,112.2,184.669454953,fmorfelldo@berkeley.edu,eight,93,,35413
494,GMC,color-red,91.57,174.94823002,dsimedp@yolasite.com,six6,74,,26750
495,Jaguar,color-blue,111.24,171.247605296,smayzedq@issuu.com,three,69,,37084
496,Ford,color-blac,103.38,150.166404481,dkeenlysidedr@joomla.org,two,118,,9831
497,Hyundai,color-blue,109.36,177.889615091,msutliffds@japanpost.jp,BuG,242,,41136
498,BMW,color-blue,88.86,143.792882814,vbunworthdt@freewebs.com,six6,107,,26301
499,Saturn,color-yellow,88.77,147.64420132,smaclleesedu@tmall.com,[four4,148,,34479
500,Toyota,color-blue,100.08,169.06854747,acarrattdv@deliciousdays.com,five5,74,,41723
501,Audi,color-yellow,99.93,150.389965628,droseamandw@purevolume.com,eight,59,,24018
502,Lexus,color-blue,111.48,151.322988491,smatteinidx@51.la,eight,120,,42937
503,Land Rover,color-red,113.58,,gfaradydy@1688.com,two,164,,5003
504,Maybach,color-yellow,97.83,144.689692688,eselleydz@google.pl,three,80,,36174
505,Honda,,,204.673456927,atothere0@about.me,twelve,58,,
506,Mitsubishi,color-yellow,116.51,162.926252251,yhagertye1@wix.com,three,227,,14039
507,Panoz,color-blue,94.06,162.577248829,fgooke2@bloomberg.com,two,160,,37071
508,Dodge,color-blue,106.73,184.44530098,ttakose3@princeton.edu,six6,176,,
509,BMW,color-blac,102.54,169.887508981,asainsburybrowne4@tamu.edu,six6,176,,22402
510,Lincoln,color-yellow,90.02,146.614607451,hdobiee5@bing.com,twelve,118,,14582
511,Lincoln,color-blue,92.1,153.438692819,tgribbene6@google.com.br,BuG,236,,44429
512,Volvo,,,194.220939618,jmoone7@163.com,three,87,,40279
513,Infiniti,color-red,96.78,158.586305812,ocaprone8@census.gov,twelve,219,,9101
514,Honda,color-yellow,113.18,161.102155881,aogarmene9@ustream.tv,five5,188,,24596
515,Toyota,color-blac,91.27,,vkasherea@naver.com,eight,58,2955.54,38829
516,Aston Martin,color-yellow,114.76,171.542129425,bgimbereb@umn.edu,eight,61,,15388
517,Honda,color-red,104.82,182.572539097,nboveyec@arizona.edu,five5,90,,33047
518,Dodge,color-blac,108.12,181.776024841,gsotherned@pcworld.com,three,63,,16664
519,Buick,color-red,96.29,172.50589451,jkohlermanee@businessinsider.com,[four4,163,,13636
520,Lincoln,color-blue,98.77,149.902366204,cyellowleeef@woothemes.com,eight,184,,5007
521,Mazda,color-red,91.93,207.600024055,qsamueleg@example.com,eight,60,,31692
522,Chevrolet,color-blue,101.68,198.986635766,priglesfordeh@shop-pro.jp,five5,192,,17687
523,Cadillac,color-red,91.98,195.838801101,mmataninei@bluehost.com,eight,113,,37528
524,Lincoln,color-blac,98.31,152.705929614,jcurnnokkej@studiopress.com,twelve,60,,12056
525,Mercedes-Benz,color-red,105.57,191.493291714,aweagenerek@freewebs.com,twelve,128,,44736
526,Lincoln,color-blue,114.52,179.39552049,lninottiel@google.com,twelve,126,,35052
527,Buick,color-yellow,107.5,151.313348309,jmccoughanem@cam.ac.uk,five5,153,,17003
528,Plymouth,color-blue,107.86,197.301377212,groscoeen@i2i.jp,five5,108,,15132
529,Ford,color-blac,106.68,206.803842589,nclemmenseneo@joomla.org,eight,154,,34658
530,Cadillac,color-red,119.34,191.600507527,jbeanyep@yahoo.com,[four4,58,,41440
531,Ford,color-yellow,102.12,198.799151537,npachereq@unblog.fr,[four4,162,,7312
532,Scion,color-blue,89.64,145.003217902,bmahooder@pcworld.com,BuG,59,,27906
533,Mazda,,,185.496875659,kwinstones@aol.com,six6,217,,7848
534,Scion,color-red,115.59,174.105656755,wwiltonet@ycombinator.com,three,157,,17882
535,Mercury,color-red,118.39,159.918274889,kmoodeyeu@macromedia.com,eight,50,,18855
536,Dodge,color-yellow,112.57,156.318227633,kmussottiev@bloglines.com,six6,60,,13842
537,Dodge,color-yellow,114.53,207.389769796,wdeguiseew@cnet.com,eight,85,,41117
538,Mazda,color-red,103.87,203.583744572,fbartosinskiex@geocities.jp,three,181,,28744
539,Ford,color-yellow,113.58,191.876708981,kfalley@oaic.gov.au,six6,106,,26225
540,Toyota,color-blue,95.2,146.514480057,ltibbsez@opensource.org,[four4,178,,35049
541,Ford,color-blac,114.03,205.854003629,stomainof0@eepurl.com,three,112,,36857
542,Pontiac,color-red,96.28,204.697139992,kcomfortf1@google.de,five5,138,,15517
543,Volvo,color-red,100.72,180.825678366,gmorstonf2@squidoo.com,BuG,208,,5193
544,Mercedes-Benz,color-yellow,97.98,159.901999404,taverallf3@ustream.tv,five5,136,,8865
545,Toyota,,,187.356671482,lcameranaf4@dmoz.org,[four4,113,,7467
546,Dodge,color-blue,114.19,151.118320867,hfutcherf5@pagesperso-orange.fr,two,134,,27286
547,Chrysler,color-red,104.69,186.70327363,lmathersonf6@adobe.com,six6,188,,32536
548,Buick,color-blac,93.85,205.89761776,bgocherf7@blogs.com,twelve,132,,17187
549,MINI,color-blac,105.83,183.054432673,dchittockf8@amazon.co.jp,five5,70,,6327
550,Ford,color-red,92.1,145.321855011,nbranchf9@independent.co.uk,six6,64,,23054
551,Jeep,color-red,110.99,147.738671189,plintillfa@ning.com,two,106,,
552,Acura,,,165.874833237,dbaylessfb@mozilla.com,two,164,4168.19,34861
553,BMW,color-yellow,98.19,191.429477229,hkollatschfc@shareasale.com,[four4,149,,5567
554,Mazda,color-blac,106.11,194.688856704,afribergfd@bandcamp.com,three,184,,17779
555,Daewoo,color-yellow,92.11,197.901924168,jdugganfe@ebay.co.uk,twelve,159,,31341
556,Mercedes-Benz,color-red,102.31,173.67236735,ccayleyff@linkedin.com,two,205,,12778
557,Chevrolet,,,164.554754823,aisakssonfg@taobao.com,three,157,,43103
558,Dodge,color-yellow,112.1,142.951053681,ssydenhamfh@adobe.com,BuG,103,,5089
559,Acura,color-yellow,97.44,149.338814197,eboggonfi@discuz.net,five5,141,,6488
560,Isuzu,,,182.328629807,lchasneyfj@fda.gov,five5,219,,36105
561,GMC,color-yellow,104.25,159.718147997,dgonnellyfk@weather.com,five5,224,,19050
562,GMC,color-blue,112.9,204.872713676,mpikettfl@ox.ac.uk,eight,95,,18754
563,Acura,color-blac,92.53,140.161782027,asottellfm@xing.com,three,65,,30831
564,GMC,,,191.308642302,jbertolinfn@ovh.net,BuG,204,,40571
565,Geo,color-red,114.88,147.892735585,sguittefo@nps.gov,BuG,167,,7669
566,Ford,color-blue,97.03,146.142531455,drowntreefp@flickr.com,[four4,207,,41435
567,Mazda,color-yellow,94.33,205.762647615,emartinekfq@fotki.com,three,131,7778.69,22664
568,Mazda,color-red,108.83,152.003988549,wfairfoulfr@goo.gl,[four4,181,,21623
569,Volkswagen,color-red,109.09,,gcraydonfs@hubpages.com,twelve,142,,8450
570,Isuzu,color-blac,115.13,174.537391881,tcongraveft@exblog.jp,eight,156,,20052
571,Mercedes-Benz,,,168.953670129,bsymsfu@cbc.ca,[four4,120,,33536
572,Chevrolet,color-yellow,117.35,207.775988008,lphettefv@google.de,five5,198,,12339
573,BMW,color-red,105.32,157.125445623,dtetsallfw@cloudflare.com,BuG,209,,23030
574,Ford,color-yellow,102.55,171.46124655,mhansfordfx@wisc.edu,twelve,123,,34124
575,Audi,color-blue,94.33,171.484494327,cgladwishfy@amazon.de,twelve,223,,8257
576,Nissan,color-blue,105.56,160.467270762,mcasselyfz@yandex.ru,[four4,83,,20830
577,Toyota,color-yellow,98.93,158.064871484,lhixsong0@quantcast.com,five5,77,,10680
578,Lincoln,,,,djudrong1@multiply.com,three,148,,18690
579,Pontiac,color-blue,111.68,152.033467495,risenorg2@pagesperso-orange.fr,twelve,180,,13410
580,Dodge,color-blue,92.38,200.218354839,hmongaing3@rambler.ru,five5,182,,8886
581,BMW,color-blac,103.4,199.089831375,rwoolertong4@opera.com,twelve,115,,24301
582,Chevrolet,color-yellow,95.07,155.104924552,asauntong5@marriott.com,twelve,228,,11420
583,Hyundai,color-red,97.93,189.485167973,amendesg6@spotify.com,five5,125,,23951
584,Toyota,color-blac,101.43,169.711381251,hmonikerg7@vinaora.com,twelve,241,,30977
585,Mercedes-Benz,color-blue,95.54,157.201641446,ybowcockg8@fotki.com,[four4,164,,14576
586,Ford,color-blac,117.3,154.95282701,cfreeburyg9@godaddy.com,six6,195,,28745
587,Toyota,color-blac,111.14,144.722517895,hdensellga@slate.com,two,146,,21394
588,Corbin,color-yellow,95.88,207.769471574,ccallwaygb@phoca.cz,five5,136,,7767
589,Infiniti,color-yellow,94.53,184.148008102,lfarrongc@blogger.com,six6,54,,32301
590,BMW,color-blue,110.14,189.624111117,lskippinggd@amazon.com,two,56,,10023
591,Dodge,color-blac,101.23,172.96965142,ekristiansenge@simplemachines.org,twelve,97,,
592,Chrysler,color-yellow,112.53,205.124297899,chosbygf@odnoklassniki.ru,five5,173,,44210
593,GMC,color-red,95.04,178.125689982,bavisgg@accuweather.com,eight,64,,23297
594,Toyota,color-red,108.73,155.355685418,hcleverlygh@yelp.com,[four4,107,,
595,Subaru,color-blac,100.01,147.083798451,lsandongi@youku.com,twelve,103,,18210
596,Nissan,color-yellow,96.74,205.007696598,htrawingj@nba.com,six6,164,1349.81,26430
597,Cadillac,color-blac,115.27,190.712310417,jklawigk@shinystat.com,three,106,,41486
598,Daihatsu,color-yellow,104.85,142.627767995,ibraniffgl@bandcamp.com,twelve,125,672.18,37106
599,Toyota,color-yellow,100.89,199.275377415,mbranthwaitegm@mozilla.com,five5,108,,15804
600,Jeep,color-red,118.3,199.52099239,bpursegn@bbb.org,six6,213,,44363
601,Lexus,color-blue,106.3,197.679532998,omurielgo@washingtonpost.com,five5,115,,5697
602,Jeep,color-yellow,112.01,185.808574621,waronovgp@mtv.com,twelve,66,,23198
603,Saturn,color-red,113.05,175.989134175,rfetteplacegq@nba.com,[four4,180,,40589
604,Lamborghini,color-yellow,116.85,153.657564284,zgliddergr@businessinsider.com,six6,61,,29562
605,GMC,color-blac,97.69,149.847603045,ecasillisgs@linkedin.com,three,190,,13046
606,Lotus,color-red,106.83,207.651272475,afryattgt@tinyurl.com,six6,221,,27550
607,Mitsubishi,color-blac,118.49,163.623694125,hgravestonegu@cdc.gov,five5,204,,31237
608,Audi,color-blue,105.57,200.510293363,spackingtongv@earthlink.net,[four4,192,,40600
609,Porsche,color-blac,105.83,172.256418122,ritzaksongw@msn.com,two,203,,36293
610,Ford,color-yellow,111.08,193.469462688,gbruhnkegx@newsvine.com,six6,63,,30161
611,Dodge,color-blue,112.57,164.749814645,ltatlockgy@pbs.org,twelve,170,,12714
612,Lexus,color-yellow,104.05,204.921639472,cgymblettgz@ning.com,two,51,3576.93,20982
613,Chevrolet,,,167.115162227,soverallh0@scientificamerican.com,six6,53,,11527
614,Ford,color-blac,113.19,184.219919775,mjayh1@lycos.com,five5,58,,12339
615,Mitsubishi,color-blac,117.26,195.088288797,jpetegreh2@pen.io,five5,218,,30242
616,Toyota,color-yellow,107.47,164.781025002,cdingleyh3@trellian.com,[four4,83,,29310
617,Buick,color-blue,90.95,203.976921897,mfanth4@imdb.com,BuG,124,,44669
618,Chevrolet,color-blue,96.15,199.562429719,lgeroldoh5@cafepress.com,six6,162,,41876
619,Toyota,color-yellow,117.4,177.409627315,ccettellh6@amazon.co.jp,three,60,3573.16,19006
620,Daewoo,color-red,119.25,179.190499191,bgoodbournh7@xing.com,twelve,124,,32643
621,Mitsubishi,color-blac,91.59,169.277094139,sfitzerh8@skype.com,eight,106,,6526
622,Mitsubishi,color-blac,106.84,168.206772897,tmargachh9@fotki.com,three,210,,
623,Toyota,color-yellow,103.06,187.608601204,jbernardinelliha@de.vu,BuG,76,,36462
624,Infiniti,color-red,105.88,204.682081407,lribeirohb@dion.ne.jp,three,220,,10335
625,Toyota,color-blac,108.39,193.082690611,eleesehc@prnewswire.com,six6,67,,29379
626,Mazda,color-yellow,107.84,182.137772975,pstrelitzkihd@miitbeian.gov.cn,five5,69,,14859
627,Mercedes-Benz,color-yellow,105.36,174.853317979,bbartkowiakhe@webeden.co.uk,twelve,85,,18380
628,GMC,color-red,103.7,179.652154087,dsayehf@zimbio.com,two,200,3711.41,23982
629,Honda,color-blue,104.81,141.491066357,jsobeyhg@imageshack.us,twelve,76,,6066
630,Mercedes-Benz,color-yellow,115.02,183.933518257,tsoothh@e-recht24.de,BuG,66,3077.66,11496
631,Pontiac,color-yellow,103.29,204.396206822,rhryskiewiczhi@networksolutions.com,twelve,127,,5532
632,Plymouth,,,140.662430923,lpeckhamhj@unblog.fr,twelve,72,,33901
633,Pontiac,,,142.147189377,glissandrihk@vinaora.com,three,192,5694.14,42807
634,Eagle,color-yellow,104.89,173.079014072,udahlhl@cafepress.com,twelve,145,,25779
635,Mercedes-Benz,color-blac,91.75,204.31720272,bdungayhm@rediff.com,six6,226,,12654
636,Mitsubishi,,,174.427430458,bspareyhn@adobe.com,six6,206,,39622
637,Acura,color-blac,94.47,160.252616647,adawsonho@japanpost.jp,two,167,,23914
638,Ford,color-red,88.19,164.848032243,cdunicanhp@multiply.com,twelve,240,,15424
639,Nissan,color-blac,113.06,194.418648241,lsayerhq@nationalgeographic.com,six6,197,,24119
640,Volkswagen,color-red,95.8,147.348091969,bdillintonehr@virginia.edu,six6,177,,18156
641,Ford,color-blue,95.78,191.074275044,speegremhs@youku.com,[four4,219,,11827
642,Porsche,color-blue,103.9,201.382615485,gbuxcyht@posterous.com,[four4,165,,35909
643,Volkswagen,color-blac,115.18,156.389084756,osimmshu@washington.edu,BuG,143,,20209
644,Dodge,color-blac,89.51,207.903849774,cohalloranhv@umn.edu,six6,188,,29244
645,Volkswagen,color-blac,90.66,143.094322908,nportugalhw@chronoengine.com,two,236,,44596
646,GMC,color-red,113.0,188.493992843,hiberthx@ucoz.com,BuG,140,,23725
647,Toyota,color-red,107.27,179.549512468,wleggshy@bbb.org,BuG,160,,27409
648,Chevrolet,color-blac,119.31,158.382560046,hglendzerhz@nytimes.com,[four4,242,,37201
649,Oldsmobile,color-blac,111.56,191.926347667,rportwainei0@biglobe.ne.jp,twelve,176,,32548
650,Infiniti,color-blue,97.96,190.50724021,tkrugmanni1@java.com,[four4,202,,38568
651,Dodge,color-blue,98.23,143.774258104,gwilcotti2@mayoclinic.com,three,236,,19199
652,Porsche,color-red,105.48,198.635469617,vcannani3@elegantthemes.com,eight,212,,43859
653,Subaru,color-blue,91.33,171.006133105,ahalheadi4@google.com.au,BuG,105,,9846
654,Kia,color-yellow,89.1,184.902471572,edabrowskii5@miitbeian.gov.cn,three,207,,18745
655,Mercedes-Benz,color-red,101.34,184.439747526,middoni6@elpais.com,BuG,113,,12699
656,GMC,color-red,112.6,156.8511599,cgillbanksi7@who.int,five5,223,,41141
657,Buick,color-blue,95.8,203.101387421,tbillingi8@blogger.com,eight,53,,14657
658,Audi,color-red,118.94,177.987317172,selkini9@pagesperso-orange.fr,five5,156,,
659,Infiniti,color-blue,106.93,165.764634428,ccatlowia@boston.com,[four4,159,,37838
660,Pontiac,color-blac,97.61,146.623480891,lbellhouseib@ed.gov,two,229,,30401
661,Chevrolet,color-red,98.73,185.317154382,nflaonieric@1und1.de,eight,61,,18980
662,Chevrolet,color-blac,118.42,206.917351612,mdelavaletteparisotid@cornell.edu,three,125,,9888
663,Lexus,color-yellow,119.15,207.376275944,fstiffie@epa.gov,six6,157,,7859
664,Audi,color-red,102.48,206.65171586,pleonardif@fda.gov,[four4,106,,14928
665,Volkswagen,color-blue,117.94,185.369541936,ecopinig@feedburner.com,six6,189,,5835
666,Toyota,color-yellow,101.56,164.047794062,fjeevesih@symantec.com,eight,133,,39985
667,Chevrolet,color-blue,96.94,176.267309111,ktesimonii@macromedia.com,eight,106,,42076
668,Chevrolet,color-blac,97.07,182.824741547,prowantreeij@dailymail.co.uk,eight,114,,39448
669,Chevrolet,color-blac,106.47,170.145812352,mdrysdallik@unicef.org,eight,157,,7749
670,Ford,color-red,88.43,194.90124699,pnehlil@ebay.com,BuG,95,,13864
671,Mazda,color-red,95.97,167.73139809,jwisdishim@webs.com,three,209,630.96,25193
672,Subaru,color-blue,100.9,167.183903307,cjaggliin@theatlantic.com,twelve,134,,29214
673,Spyker,color-blac,114.15,176.482696929,rlosebieio@ezinearticles.com,three,134,9534.61,23419
674,Isuzu,color-red,98.8,180.923317913,abickleip@cam.ac.uk,two,60,,8980
675,Suzuki,color-blac,97.3,179.568907878,pvandersoniq@de.vu,eight,199,,23008
676,Mitsubishi,color-blac,119.8,168.806993031,vplumbleyir@alibaba.com,two,202,,
677,BMW,color-blue,110.58,202.882969509,rokenfoldis@blogs.com,six6,68,,43144
678,Volkswagen,color-blac,95.02,204.653625591,rberrit@digg.com,five5,238,,16330
679,Isuzu,color-blue,94.01,142.464347385,fcheleyiu@accuweather.com,BuG,156,,16816
680,Ford,color-yellow,105.24,179.203968074,alethbrigiv@yandex.ru,three,146,,38399
681,Land Rover,color-blac,99.53,142.201477066,rleyreiw@shop-pro.jp,twelve,79,,37524
682,Mercury,color-blac,101.38,167.144599209,blydsterix@privacy.gov.au,BuG,88,,25920
683,Toyota,color-yellow,114.7,174.48304523,lhambriciy@ehow.com,[four4,105,,43534
684,Mitsubishi,color-blac,117.98,197.913811372,jmatskevichiz@globo.com,[four4,225,,35503
685,Saturn,color-red,90.79,185.737369559,dellicej0@booking.com,six6,148,,43323
686,Lexus,color-red,93.3,170.495323555,ccatonnetj1@wunderground.com,three,191,,32688
687,Kia,color-yellow,115.91,179.562320595,lbassanoj2@sina.com.cn,twelve,74,,27826
688,Volvo,color-yellow,95.16,153.34088478,ybrumheadj3@wikimedia.org,five5,76,,33737
689,Mitsubishi,color-blac,98.38,170.224626605,umacvicarj4@addthis.com,[four4,93,,13077
690,Ford,color-red,109.44,189.16581073,aszimonj5@nytimes.com,five5,158,,15040
691,Volkswagen,color-red,116.25,188.596223022,oarentj6@jimdo.com,BuG,112,,7423
692,Saab,color-blac,109.53,148.060498079,tkenealyj7@imageshack.us,twelve,168,,39446
693,Mercury,color-blac,119.44,172.005072264,frilingsj8@hubpages.com,BuG,193,,29520
694,Kia,,,200.681703659,rwetheraldj9@hibu.com,BuG,148,1487.45,28906
695,Maserati,color-blue,105.91,156.140384518,kdorrityja@engadget.com,six6,57,,27401
696,Pontiac,color-red,94.35,157.53141681,sgunjb@washington.edu,three,193,,44509
697,BMW,color-blue,97.45,159.546467153,gdaingerfieldjc@umn.edu,five5,193,,
698,Mercedes-Benz,color-red,110.77,163.89112104,rellarjd@goo.ne.jp,five5,88,,13230
699,Mitsubishi,color-blac,106.7,155.848514346,mtaigje@marketwatch.com,five5,235,,24687
700,Cadillac,color-yellow,94.73,190.820105441,fhorseyjf@sakura.ne.jp,five5,144,,21859
701,Toyota,color-red,100.25,183.577268303,etisselljg@seesaa.net,three,103,,25444
702,Dodge,,,171.228652587,jthirskjh@gnu.org,six6,141,,31493
703,Ford,color-yellow,95.23,159.343968944,ctwiddyji@purevolume.com,[four4,74,,41122
704,Saab,color-blue,108.54,200.400292837,ldurdyjj@merriam-webster.com,three,163,3727.66,27645
705,Nissan,color-red,99.24,159.665526964,mrotherforthjk@harvard.edu,eight,65,,17017
706,Lotus,color-blue,105.66,172.888444395,jachesonjl@state.tx.us,BuG,211,,40389
707,Dodge,color-blac,94.87,171.105632127,yaggetjm@unesco.org,six6,210,,13050
708,Mitsubishi,color-blac,88.01,155.259350397,myakebovichjn@biblegateway.com,six6,56,,28072
709,Ford,color-red,103.77,179.532683476,abraniganjo@timesonline.co.uk,six6,189,,
710,Mercury,color-blac,118.23,154.008896578,ccheyennejp@edublogs.org,six6,242,6858.28,7237
711,Volkswagen,color-blac,92.3,192.509098022,hpattlejq@google.es,BuG,131,,13080
712,Chevrolet,color-blac,88.16,171.291560351,msindelljr@marketwatch.com,three,83,,14966
713,Chrysler,color-blac,97.27,183.227890187,lmershjs@salon.com,twelve,57,,40824
714,Mercedes-Benz,color-blac,106.73,197.379051023,lborthejt@google.co.jp,twelve,234,5277.28,44114
715,Maserati,color-blue,97.78,147.509959886,mstanderingju@chron.com,five5,104,7807.63,24312
716,Volvo,color-red,109.01,174.950266394,gredfernjv@apple.com,BuG,181,,16866
717,Kia,color-yellow,97.44,159.958968796,treditjw@vimeo.com,eight,103,,26396
718,Volkswagen,color-red,105.32,193.162754071,rricardetjx@360.cn,five5,240,4197.11,12079
719,Lexus,color-blac,103.98,165.30632364,vcollimorejy@etsy.com,two,80,,39417
720,Pontiac,color-blac,116.0,140.494369336,smcgannonjz@google.de,twelve,229,,7843
721,GMC,color-blac,106.63,189.624013212,zpeterk0@goodreads.com,two,161,,29176
722,Chevrolet,color-red,109.27,203.181167522,kmcgeek1@netscape.com,BuG,104,,39747
723,Mitsubishi,color-red,99.69,146.63004186,kcundek2@smh.com.au,six6,131,,
724,Ford,color-blac,105.31,162.510230237,cniavesk3@fda.gov,three,81,5546.71,30590
725,Maserati,color-yellow,108.93,207.583054752,dbaggk4@indiatimes.com,three,214,,35764
726,Lotus,color-red,109.14,202.418456038,rhullandk5@infoseek.co.jp,twelve,241,,44879
727,Mercury,color-red,101.78,163.848019681,ifakek6@com.com,[four4,112,,36346
728,Acura,,,166.834908097,cnodenk7@vkontakte.ru,six6,167,,12937
729,Audi,color-blac,103.23,148.906707881,awheark8@ted.com,[four4,216,,32420
730,Porsche,color-blue,102.63,207.069699333,chabberjamk9@gnu.org,[four4,49,,5523
731,Volvo,color-blue,108.62,154.234332736,gdallewaterka@tripadvisor.com,eight,74,,18854
732,Mercury,color-blac,118.75,160.067349912,rpetrikb@answers.com,two,69,,19672
733,Ford,color-red,116.83,147.307282137,rlangmaidkc@buzzfeed.com,BuG,220,604.28,21211
734,Pontiac,color-yellow,101.24,182.999054974,cbrookerkd@uol.com.br,eight,191,,31654
735,Pontiac,color-blac,91.22,198.510922968,lfranzschoningerke@wisc.edu,three,51,,41730
736,Suzuki,color-yellow,114.67,195.149227625,flanderkf@ftc.gov,six6,75,,40575
737,Volvo,color-blue,110.1,204.14244315,aburetkg@topsy.com,BuG,158,,10445
738,Nissan,color-yellow,107.13,186.578603728,ntowseykh@examiner.com,six6,52,7584.52,23934
739,Plymouth,color-yellow,93.18,187.507332761,cbergstramki@nytimes.com,twelve,202,,7854
740,Maybach,color-blue,112.85,159.290790302,cbremmerkj@wiley.com,two,136,,5447
741,Nissan,color-yellow,101.96,164.661539785,ychevalierkk@netlog.com,[four4,155,,23852
742,Chevrolet,color-blue,105.26,181.983471958,mbaukl@latimes.com,BuG,85,,25279
743,Toyota,color-blac,89.78,207.725560781,rmanasskm@mozilla.org,two,96,8988.99,19021
744,Dodge,color-yellow,99.58,204.499715873,bhaddenkn@deviantart.com,[four4,215,,36177
745,Oldsmobile,color-blue,107.36,145.172183994,gsnalhamko@sourceforge.net,six6,176,,24019
746,Toyota,color-blac,90.56,151.211740512,tthirwellkp@w3.org,five5,109,,7984
747,Ford,color-blue,102.78,,lregelouskq@sciencedirect.com,six6,58,,24174
748,Saturn,color-yellow,114.5,141.798881049,brayerkr@wunderground.com,two,207,,22709
749,Ferrari,color-yellow,88.36,144.490837444,afarnyks@ebay.co.uk,[four4,145,,
750,Toyota,color-blue,96.67,202.050097262,aducarmekt@g.co,three,134,8824.26,14492
751,Lexus,color-blac,101.05,181.407780525,tobroganku@irs.gov,three,220,,16459
752,Toyota,color-blac,118.82,,adecroixkv@java.com,BuG,180,,24697
753,Dodge,color-yellow,96.76,144.827204386,glealekw@oracle.com,three,142,,39877
754,MINI,color-yellow,96.26,160.754054814,lfredsonkx@toplist.cz,BuG,171,,18160
755,Dodge,,,159.259965269,tpeirsonky@sphinn.com,two,238,,41173
756,Cadillac,color-blue,91.33,192.650056987,npaddiekz@omniture.com,[four4,55,,11880
757,Volkswagen,color-red,117.48,188.975122145,dbaldacchinol0@amazon.co.uk,eight,98,,33136
758,Infiniti,color-blac,113.55,204.84603845,llachaizel1@is.gd,twelve,88,,24313
759,Chevrolet,color-yellow,88.99,163.993886369,bjeremiahl2@gnu.org,[four4,205,,39059
760,Kia,color-blue,99.68,144.111913227,tgrigolettil3@virginia.edu,eight,177,,35732
761,Mazda,color-blue,90.35,193.999534738,tdinckel4@yolasite.com,BuG,168,,14418
762,Toyota,color-blue,117.02,173.994388601,hkenninghanl5@symantec.com,[four4,126,,30313
763,Mitsubishi,color-blue,118.79,186.735627028,tgarel6@plala.or.jp,[four4,222,,30939
764,Ford,color-blue,109.07,189.631709188,tbooleyl7@altervista.org,[four4,77,,23172
765,GMC,color-yellow,115.18,161.575858126,lblinckol8@tmall.com,six6,107,,36873
766,Buick,color-blue,118.22,181.253254976,hfortinl9@goo.gl,twelve,201,,7040
767,Mitsubishi,color-red,99.14,194.610603281,ndunrigela@merriam-webster.com,two,152,,7088
768,Mercedes-Benz,color-blue,95.98,204.010087333,kocklinlb@google.co.uk,three,150,2546.04,33738
769,Ford,color-red,89.43,188.944240323,dtersaylc@eventbrite.com,BuG,72,,15837
770,Volvo,color-red,92.89,169.887199907,ffluckerld@wired.com,six6,185,,38373
771,Toyota,color-blac,89.87,175.58183745,ascrivenle@woothemes.com,two,125,,40886
772,Mercedes-Benz,color-blac,94.51,142.663092835,agregerlf@ox.ac.uk,[four4,65,,18201
773,Volvo,color-yellow,113.63,191.305822484,rsherredlg@prlog.org,twelve,66,,
774,Mercedes-Benz,color-red,109.43,206.894585303,tbouchlh@berkeley.edu,[four4,233,,44401
775,Chevrolet,color-blue,92.52,184.253922875,idrillingcourtli@accuweather.com,twelve,131,,21299
776,Ford,color-red,88.73,185.78198451,msangelj@sfgate.com,eight,220,,23979
777,Ford,color-blue,96.74,202.630806,eghilkslk@pcworld.com,two,171,,11376
778,Toyota,color-blac,119.28,172.937141889,mdelaceyll@4shared.com,two,107,,15722
779,Pontiac,color-red,110.11,169.126433515,jcarvillalm@blog.com,two,69,,31226
780,Hyundai,color-blue,109.37,146.972749575,bgrouenln@sciencedirect.com,eight,135,,5181
781,Audi,color-blac,96.13,178.024677141,aselbielo@mail.ru,eight,208,,9509
782,Volkswagen,,,181.412216022,bmckimlp@mtv.com,five5,206,,7194
783,Nissan,color-blac,106.64,191.320225627,htoppinglq@jalbum.net,three,125,490.25,44861
784,Volvo,color-red,88.33,150.418101245,aknockerlr@slate.com,BuG,161,,11627
785,Chevrolet,color-red,118.2,205.948975552,pdignonls@instagram.com,three,59,,25127
786,Toyota,color-blac,112.49,146.873010241,lillingworthlt@last.fm,BuG,127,,26081
787,Cadillac,color-blue,92.81,148.168627716,tdarrowlu@wiley.com,three,222,,39956
788,Ford,color-yellow,110.98,152.088652164,gmccaffertylv@sciencedirect.com,BuG,150,,34219
789,Volkswagen,color-blac,90.14,172.720957761,arameletlw@nbcnews.com,five5,74,,21597
790,Cadillac,color-blac,116.59,159.321063152,vvanettilx@amazon.co.jp,BuG,126,,
791,Saab,color-blue,111.35,203.687635785,cpiwallly@redcross.org,[four4,240,,36893
792,Honda,,,183.687130811,hcantrelllz@multiply.com,BuG,223,,
793,Nissan,,,165.141412852,jolenichevm0@reverbnation.com,[four4,102,,27379
794,BMW,color-red,92.14,180.549760687,vtaksm1@virginia.edu,two,88,,44726
795,Isuzu,color-blue,104.5,151.242364536,agooddym2@ihg.com,two,162,,13187
796,Ford,color-yellow,100.85,173.165394718,jfoukxm3@nature.com,three,76,,14404
797,Mazda,color-blue,92.97,207.337401853,cshrubbm4@irs.gov,two,128,,38556
798,Lexus,color-blue,94.93,158.731328828,jlafaym5@salon.com,two,67,,44112
799,Hyundai,color-yellow,108.11,198.011755118,mcorbenm6@chicagotribune.com,five5,232,,8693
800,Mitsubishi,color-yellow,96.61,177.362470208,lhawleym7@spiegel.de,six6,68,,18788
801,Chevrolet,color-blue,101.29,183.715173963,ageanem8@newsvine.com,twelve,106,,32957
802,Ford,color-red,106.83,169.450366174,aocrevanm9@columbia.edu,three,114,,6377
803,GMC,color-red,91.41,207.369381336,cbullardma@amazon.co.jp,twelve,229,,21648
804,Oldsmobile,color-blue,105.05,162.672833279,ptertremb@jimdo.com,three,159,,21541
805,Dodge,color-yellow,97.81,200.48451607,rfelcemc@ning.com,two,50,,27278
806,Maybach,color-blue,109.78,151.768489469,rraeburnmd@bbc.co.uk,six6,173,,19328
807,Audi,,,187.172016977,ndiganme@techcrunch.com,twelve,96,,19497
808,Kia,color-blac,108.56,180.035263896,sknaggsmf@weibo.com,five5,171,,23547
809,Volkswagen,color-blac,90.74,202.217961731,rpresnailmg@sohu.com,two,82,,17930
810,Lexus,color-blue,90.37,175.426715593,lswalwelmh@jimdo.com,three,187,,6523
811,Mercedes-Benz,color-blue,99.04,190.861280635,dgellettmi@cnet.com,BuG,129,,10706
812,McLaren,color-red,115.46,143.53305544,atsarovicmj@diigo.com,two,200,,15370
813,Chevrolet,color-blue,114.56,200.138978863,mjozwickimk@nationalgeographic.com,two,117,,7317
814,Pontiac,color-blue,90.75,,dwhittakerml@tuttocitta.it,three,132,,19619
815,Nissan,color-blac,116.98,177.523150056,kingreemm@washington.edu,eight,50,,31922
816,Mercedes-Benz,color-blue,98.44,168.749231452,foheffernanmn@ox.ac.uk,two,109,,13116
817,Chevrolet,color-red,119.85,185.233951887,cbarrettmo@fda.gov,[four4,66,,12041
818,Lamborghini,color-blue,97.36,203.256533294,bmcglewmp@sourceforge.net,eight,127,850.25,
819,Ford,color-yellow,112.11,169.598499266,ggonzalvomq@mail.ru,three,125,,5748
820,Lotus,color-yellow,104.98,160.428508628,mtookemr@fotki.com,five5,173,,10225
821,Nissan,color-blac,112.16,185.559882975,fknowllerms@china.com.cn,three,168,,28499
822,Buick,color-yellow,114.34,195.577871836,cmountlowmt@ftc.gov,eight,190,,7461
823,Subaru,color-red,117.75,198.805568195,menochmu@samsung.com,five5,178,,
824,Mitsubishi,color-blue,96.14,193.72947858,tpautemv@discuz.net,three,121,,5036
825,Chevrolet,color-red,118.37,169.836810458,dcornthwaitemw@tumblr.com,three,128,,25806
826,Pontiac,color-blac,95.33,156.965425571,awoodwingmx@mysql.com,two,223,,42501
827,Bentley,color-blac,96.88,141.539879488,dgregsonmy@npr.org,two,129,,10364
828,Dodge,color-blac,89.47,193.295328303,asherwinmz@instagram.com,three,108,,16594
829,GMC,color-red,108.85,194.366156797,adarten0@wikipedia.org,BuG,203,,13995
830,Chevrolet,color-blac,108.94,169.753638378,alafayetten1@jiathis.com,two,92,,40513
831,Audi,color-red,107.64,186.34304503,dhamshawn2@altervista.org,three,200,,36712
832,Lexus,color-yellow,116.42,170.890094537,hcullaghn3@histats.com,twelve,48,,17306
833,Ford,color-blue,111.17,198.45338766,mfettesn4@lulu.com,two,167,,17617
834,Chevrolet,color-yellow,97.38,164.354393203,fgehringn5@un.org,five5,174,,20778
835,Kia,color-yellow,96.92,178.649541406,dflintn6@cafepress.com,five5,213,,11911
836,Toyota,color-blue,98.56,168.051235168,klackyn7@t.co,[four4,102,,25105
837,Mitsubishi,color-blue,92.62,189.38922572,asleefordn8@tinyurl.com,five5,204,,18399
838,Audi,color-red,112.25,154.385595137,otinkern9@deliciousdays.com,twelve,119,1566.5,44035
839,Chevrolet,color-red,102.79,194.609244638,plaverackna@princeton.edu,two,91,,17154
840,BMW,color-red,99.97,166.880597271,flotzenb@businessinsider.com,six6,226,,16677
841,Pontiac,color-yellow,108.89,166.375446281,smonnerync@geocities.com,three,105,,9754
842,Mitsubishi,color-yellow,118.56,204.402188479,mlyvernd@shutterfly.com,two,92,,5477
843,Dodge,color-yellow,102.44,185.136715701,ballinsonne@istockphoto.com,[four4,160,,
844,Honda,color-red,115.93,201.581930569,sbedrosiannf@bbb.org,eight,174,,30962
845,Acura,color-yellow,89.44,169.790923883,sinottng@census.gov,five5,187,,36416
846,Chevrolet,color-yellow,91.28,167.287454382,pmcilwainnh@craigslist.org,BuG,62,,18723
847,Mercury,color-red,107.64,182.533022469,jconneauni@barnesandnoble.com,[four4,170,,33002
848,Ford,color-blac,106.87,179.718573838,ajarnellnj@wikimedia.org,[four4,154,,36349
849,Mazda,color-red,89.11,202.940666745,condrouseknk@amazonaws.com,six6,93,,10962
850,Pontiac,color-blue,112.5,154.538790139,bplaitnl@bizjournals.com,eight,223,,26116
851,Kia,color-blue,105.42,200.599917009,tfebennm@amazon.de,BuG,48,,40206
852,Bugatti,color-blac,119.55,202.373998773,bgeorgesonnn@bing.com,two,202,5897.32,30310
853,Plymouth,color-red,114.22,175.796170207,kmissenno@miibeian.gov.cn,three,121,,28666
854,Mitsubishi,color-red,93.26,206.250221668,stwelvetreenp@networkadvertising.org,eight,210,,33820
855,Ford,color-yellow,91.43,207.849903031,pcaneonq@wsj.com,six6,54,,
856,Cadillac,color-yellow,92.22,184.424774973,rtheseiranr@t-online.de,eight,131,,25790
857,Isuzu,color-red,89.28,162.024640634,jeringtonns@tuttocitta.it,three,52,,28312
858,Infiniti,color-red,106.6,166.174199601,moxendennt@bravesites.com,[four4,141,,9230
859,Mercedes-Benz,color-red,88.33,146.241773898,cgajowniknu@51.la,[four4,187,,34762
860,Mercedes-Benz,color-red,89.97,182.173383444,nskelchernv@amazonaws.com,twelve,239,,17432
861,Acura,,,177.586592741,amccardnw@netlog.com,eight,65,,12835
862,GMC,color-blue,106.1,160.580569142,tkobierieckinx@berkeley.edu,twelve,66,3265.55,29885
863,Mazda,color-yellow,117.97,187.853452026,bgoldbergny@state.tx.us,[four4,158,,18418
864,Ford,,,186.883070573,scodlingnz@phoca.cz,two,203,,8664
865,Saab,color-red,119.93,150.431000223,vpeplawo0@cpanel.net,three,135,,29529
866,Hyundai,color-blac,99.41,146.192056109,ubywayo1@typepad.com,BuG,105,,18884
867,Mercedes-Benz,color-red,109.95,168.670224711,erenshawo2@instagram.com,five5,163,,19809
868,BMW,color-red,119.31,186.157773703,wfrancescozzio3@un.org,two,109,,39937
869,BMW,color-red,107.91,143.730968724,wmayteo4@g.co,[four4,219,,38577
870,Mercedes-Benz,color-blac,95.6,189.151297712,mmaciluricko5@slideshare.net,two,71,,35115
871,Nissan,color-blue,115.17,175.415935138,akarslakeo6@blog.com,BuG,176,4378.82,30032
872,Oldsmobile,color-blac,107.52,162.752515321,ssapsfordeo7@tumblr.com,five5,65,5105.57,38697
873,Lexus,color-blue,88.75,165.011668498,randreouo8@kickstarter.com,two,237,,12069
874,Land Rover,color-yellow,107.54,158.527052336,idenfordo9@arizona.edu,six6,198,,44945
875,Subaru,color-blac,107.74,171.87223051,wgotmannoa@boston.com,three,59,,20715
876,GMC,color-red,96.12,187.553564259,cglackenob@arizona.edu,two,63,,10462
877,Lexus,color-red,90.36,190.84105827,zbusekoc@yellowpages.com,two,88,46.95,36461
878,Dodge,color-red,107.06,155.705692518,bkeaneod@dot.gov,BuG,48,,43101
879,BMW,color-red,106.52,170.890913938,eburgeoe@microsoft.com,two,58,,23337
880,Hyundai,color-blue,110.62,205.548128495,fwheatleyof@chron.com,five5,71,,35604
881,Pontiac,color-blac,92.19,183.234225105,wtimmensog@sogou.com,[four4,183,,11185
882,GMC,color-blue,109.74,150.190999455,ewarykoh@archive.org,five5,152,,42909
883,Ford,color-blue,119.37,193.275765987,cakamoi@wix.com,twelve,149,,35693
884,Volkswagen,color-yellow,95.2,151.998562749,jmcmurthyoj@china.com.cn,six6,190,,40731
885,Ford,color-blue,117.05,,candreasenok@xing.com,five5,221,,28478
886,Buick,color-blue,111.01,171.106029307,acastiblancool@cargocollective.com,three,149,,25792
887,Dodge,color-blac,89.0,197.592865912,msjostromom@census.gov,[four4,229,,12693
888,Isuzu,color-yellow,104.74,178.579831252,nhaversumon@yellowbook.com,eight,104,,43737
889,Chevrolet,color-blac,98.85,155.906661087,fmaloneyoo@soup.io,[four4,180,,26018
890,Kia,color-blue,96.78,200.241825093,slisop@wikipedia.org,five5,71,,7760
891,Volkswagen,color-blue,90.09,171.590975325,creckusoq@illinois.edu,twelve,185,,13577
892,Honda,color-blue,116.55,193.879419095,araccioor@webmd.com,five5,139,,23712
893,Volkswagen,color-red,108.44,195.691375134,eickowicsos@sciencedirect.com,three,81,,31094
894,Audi,color-blac,102.43,203.503115903,ativnanot@gmpg.org,three,220,,35815
895,Chevrolet,color-yellow,90.39,180.620532908,krangleou@mtv.com,BuG,193,,39042
896,BMW,color-yellow,100.22,,cgautreyov@acquirethisname.com,three,174,,40792
897,Chrysler,color-blac,95.71,153.599862473,cromaow@barnesandnoble.com,eight,189,,42589
898,Mercedes-Benz,color-red,93.24,199.921071711,kbordoneox@sogou.com,two,214,,29714
899,GMC,color-blac,94.46,155.815098667,dlarnoy@paginegialle.it,twelve,169,,30372
900,Chevrolet,color-yellow,98.91,170.15427531,sgiottooz@about.com,two,73,,9244
901,Geo,color-yellow,104.97,198.688242611,ismyleyp0@php.net,two,101,,32052
902,BMW,color-blac,99.89,186.082296874,mbailissp1@stumbleupon.com,BuG,228,,9527
903,Saturn,color-red,96.74,175.555206527,atabbernorp2@nifty.com,six6,241,,
904,Pontiac,,,174.778703017,lwestwaterp3@theguardian.com,[four4,55,,41712
905,Infiniti,color-red,90.62,159.902189793,ecreanp4@fotki.com,BuG,154,,10041
906,Acura,,,196.039888764,wbardnamp5@apache.org,three,166,,
907,Nissan,color-blac,107.01,197.135898981,dsapsonp6@deliciousdays.com,three,168,,29505
908,Porsche,color-blue,100.99,165.823316634,vaddessp7@comsenz.com,[four4,165,,38607
909,Cadillac,color-blac,119.87,189.307218285,mgladdishp8@digg.com,twelve,240,,41887
910,Volkswagen,color-blue,103.2,184.038972327,tbergstramp9@jimdo.com,BuG,214,8509.41,7774
911,Suzuki,color-blac,102.48,185.813591411,rpadwickpa@about.me,eight,108,,16290
912,Ford,color-yellow,91.86,176.592664546,acahernypb@pagesperso-orange.fr,two,132,,21708
913,Hyundai,color-yellow,115.13,190.641663431,crickspc@patch.com,three,194,,43524
914,Saturn,color-blue,91.13,188.063812169,ltollertonpd@rediff.com,BuG,212,,22002
915,Mercedes-Benz,,,150.05516388,nlatekpe@virginia.edu,BuG,111,,31317
916,Pontiac,color-blac,101.08,174.071504104,bandrinpf@stumbleupon.com,twelve,216,,18879
917,Chrysler,color-red,105.08,,erivenzonpg@storify.com,three,209,6916.59,42440
918,Acura,color-red,109.29,169.584499982,ablumfieldph@symantec.com,eight,172,,18793
919,Chevrolet,color-blac,99.76,179.944419084,askewespi@webnode.com,[four4,216,,29441
920,Kia,color-blac,100.26,186.524010334,ggrangepj@usnews.com,twelve,101,,33140
921,Dodge,color-blac,88.78,166.841375663,mgerckenspk@wordpress.com,BuG,201,,24064
922,Chevrolet,color-blue,89.51,161.803221006,lloffillpl@discuz.net,BuG,57,,15364
923,Audi,color-red,106.6,160.058650127,awegmanpm@mit.edu,two,174,3310.23,44071
924,Dodge,color-blac,96.62,149.111354372,ckuhnwaldpn@themeforest.net,[four4,127,,26933
925,Chevrolet,color-blac,106.18,180.04943989,cdovidianpo@taobao.com,BuG,139,,20527
926,Volvo,color-red,118.04,177.929128831,niannopp@taobao.com,six6,222,,27876
927,Mazda,color-yellow,102.33,165.957265562,brytonpq@bbb.org,two,164,,44007
928,Mitsubishi,,,148.2745941,costlerpr@about.com,five5,119,,
929,Lexus,color-blac,109.21,168.609188031,cpinkieps@berkeley.edu,[four4,190,4141.66,22728
930,Nissan,color-yellow,101.43,207.491729856,vlistpt@g.co,five5,112,,28963
931,Buick,color-yellow,107.59,146.783413549,sgriegerpu@mayoclinic.com,eight,151,,
932,Bentley,color-red,93.86,176.570210365,heroniepv@dailymail.co.uk,three,101,,5216
933,Nissan,color-blac,90.45,177.122267719,adreelanpw@google.com.hk,five5,213,,37874
934,Ford,color-red,111.31,170.864067757,jpenkethmanpx@techcrunch.com,two,103,,38509
935,Chevrolet,color-red,96.9,204.431058047,rblessedpy@foxnews.com,twelve,88,,33431
936,Mitsubishi,color-yellow,89.28,164.342341582,qmichelipz@sbwire.com,five5,80,,37327
937,Plymouth,color-red,101.85,187.050133171,kchanceq0@eventbrite.com,three,205,,44886
938,Lincoln,,,180.528281152,vwingateq1@myspace.com,BuG,215,,8745
939,Dodge,color-blac,100.11,147.638196658,apenhalewickq2@telegraph.co.uk,twelve,166,,33456
940,Mercedes-Benz,color-blac,91.47,197.622021627,csutheringtonq3@zimbio.com,twelve,71,820.79,40474
941,Lamborghini,color-red,117.05,153.553509216,seannettaq4@artisteer.com,six6,103,,43000
942,Saturn,color-red,117.68,177.525001788,klednerq5@cam.ac.uk,twelve,148,,23803
943,Dodge,color-blue,88.08,152.659230199,arushmanq6@adobe.com,six6,222,,25246
944,Chevrolet,color-blue,108.41,182.234666097,millemq7@youku.com,[four4,219,,25440
945,Ford,,,167.937330477,bwatkissq8@taobao.com,[four4,176,,40759
946,Lincoln,color-blue,110.96,185.703433268,sbraidleyq9@marriott.com,five5,196,,31549
947,Audi,color-yellow,99.19,187.208058833,rpeeqa@bbb.org,eight,55,,16855
948,Subaru,color-red,117.93,197.866417126,mdellatorreqb@usnews.com,eight,171,,18914
949,Dodge,color-blac,110.11,159.492606892,mtimperleyqc@twitter.com,five5,187,,12385
950,Honda,color-yellow,90.77,179.82581883,gcannerqd@nps.gov,five5,211,5662.34,29948
951,Mazda,color-yellow,92.45,150.436056088,kvokinsqe@cbc.ca,three,191,,30344
952,Buick,color-blue,118.63,200.268508965,ppancoustqf@boston.com,[four4,179,,
953,Lexus,color-blac,96.88,145.627007655,gdallicottqg@xinhuanet.com,two,222,,44471
954,Buick,color-yellow,104.31,142.000442389,mcheesmanqh@alibaba.com,three,121,,15823
955,Dodge,color-red,93.01,171.734586137,mquarrellqi@theguardian.com,[four4,93,,32112
956,Volkswagen,,,153.54084891,tnevetqj@stanford.edu,eight,156,,31112
957,GMC,color-red,97.01,203.878316171,cwalsheqk@slate.com,three,230,,38328
958,Mazda,color-yellow,90.68,176.948694598,fkeydenql@com.com,BuG,216,,
959,GMC,color-blue,97.06,157.136263051,cmcgurganqm@trellian.com,two,214,,31384
960,GMC,color-yellow,119.2,186.50109033,kcominiqn@hibu.com,eight,168,,6286
961,Honda,color-yellow,97.42,183.79837758,fcuttingqo@cam.ac.uk,two,89,,24024
962,Pontiac,color-blac,99.44,203.929681978,idanesqp@prnewswire.com,twelve,86,,31822
963,Volkswagen,color-red,103.24,185.558782539,dmcilhaggaqq@ebay.co.uk,BuG,101,,37931
964,Chevrolet,color-blue,118.26,146.378586364,eabramovitzqr@furl.net,five5,234,,19261
965,Mercury,color-yellow,98.85,140.62925929,fcoolsonqs@ftc.gov,[four4,179,,24270
966,GMC,color-yellow,105.77,148.359782366,tforstqt@wsj.com,twelve,203,,36524
967,Acura,color-red,96.72,157.868677294,everneyqu@elpais.com,two,187,,26625
968,Chevrolet,color-blac,90.69,178.249794394,htanslyqv@last.fm,five5,61,,43661
969,Maserati,,,205.905672225,jditchfieldqw@buzzfeed.com,twelve,110,,35352
970,Audi,,,177.415281747,ebrockieqx@t.co,five5,180,,37051
971,Cadillac,color-blue,91.84,186.021562657,bcollymoreqy@wix.com,six6,203,,15768
972,Ford,color-red,96.37,144.28975175,ssimaqz@bloomberg.com,BuG,232,,43308
973,Holden,color-red,90.76,176.964291726,dcostar0@fotki.com,eight,79,,35079
974,Mercury,color-yellow,94.92,186.504851718,phindsbergr1@live.com,[four4,201,,16019
975,Cadillac,color-blac,107.82,170.854439797,llayburnr2@blogger.com,eight,112,699.54,29147
976,Ford,color-blac,104.59,205.358518955,sguildfordr3@ted.com,five5,205,,16267
977,Kia,,,182.924360889,ecronkshawr4@skype.com,eight,232,,32198
978,GMC,color-red,99.92,183.788875502,adevigner5@bizjournals.com,BuG,155,,31210
979,Ford,color-yellow,106.14,169.234544914,akinneallyr6@sbwire.com,two,209,,31855
980,GMC,color-red,98.85,176.189675195,iferrarinr7@craigslist.org,six6,190,,40481
981,Chevrolet,color-yellow,90.12,163.697721945,mkleinhandlerr8@java.com,five5,162,,18799
982,GMC,color-red,99.22,187.171259531,eshulverr9@wunderground.com,two,145,4082.86,37711
983,Ford,color-blue,97.26,170.810243007,ngranthamra@shareasale.com,BuG,159,,41852
984,Lincoln,color-yellow,113.42,164.855608008,gnaughtonrb@live.com,BuG,161,,33853
985,GMC,color-blue,88.74,176.342801754,wfeatherbierc@tiny.cc,two,95,,20184
986,Chevrolet,color-red,96.22,181.504745437,dscogganrd@cbc.ca,[four4,208,,27246
987,Dodge,color-blue,94.65,141.506549455,cteckre@sohu.com,three,53,,16963
988,Jeep,color-blac,92.61,161.361965315,nlordonrf@dyndns.org,two,60,,36835
989,Mercedes-Benz,color-yellow,114.77,190.5017999,tbabingtonrg@ed.gov,twelve,164,,35768
990,Porsche,color-red,98.67,143.881425056,kverrellrh@nydailynews.com,twelve,148,,26060
991,Aston Martin,color-yellow,107.99,200.603529798,sedardsri@unblog.fr,five5,216,,6696
992,Mercury,color-red,113.65,,nsherbornrj@amazon.co.uk,two,224,,15815
993,Scion,color-red,99.98,166.008961099,twarlawrk@homestead.com,[four4,121,,31743
994,Chevrolet,color-blue,92.13,182.982203441,btolerl@free.fr,twelve,241,,27623
995,Chrysler,color-blue,116.88,181.924208176,caberdeinrm@mozilla.com,five5,221,,40094
996,Suzuki,color-blac,101.4,140.052939033,clitterickrn@ihg.com,five5,50,,32948
997,Mitsubishi,color-blac,113.17,151.916723662,gwimesro@hibu.com,five5,177,,37206
998,Mitsubishi,color-blue,118.03,164.733839089,jbonnetrp@usnews.com,six6,182,,23850
999,Toyota,color-red,103.3,203.818637802,jtrunbyrq@apache.org,eight,146,,23414
1000,Mitsubishi,color-blue,113.42,197.761145378,pesilmonrr@rediff.com,twelve,238,,16554
